Code,CRUDOIL(P)~U$,OILBREN(P)~U$,CORSDIN(P)~U$,CORSDEU(P)~U$,PORKBEL(P)~U$,DIATGSI(P)~U$,DIAHGSI(P)~U$,DIA1GSI(P)~U$,CORNUS2(P)~U$,WHEATSF(P)~U$,GOLDHAR(P)~U$,PALLADM(P)~U$,SILVERH(P)~U$,PLATFRE(P)~U$
8/10/2015,44.96,49.29,1750,1548.26,121.08,1260,2230,5030,3.72,4.85,1097,600,15.32,971
8/11/2015,43.08,48.56,1750,1557.7,121.08,1190,1950,5140,3.62,4.67,1108.25,613,15.26,983
8/12/2015,43.3,49.21,1750,1577.72,121.08,1300,1950,5100,3.36,4.49,1119,615,15.56,990
8/13/2015,42.23,49.04,1750,1568.9,121.08,1270,2080,4010,3.48,4.6,1116.75,619,15.46,988
8/14/2015,42.5,48.73,1750,1566.69,182.23,1270,2160,4880,3.48,4.6,1118.25,623,15.24,997
8/17/2015,41.87,48.47,1750,1561.45,182.23,1120,2050,4430,3.46,4.4,1118.8,613,15.32,990
8/18/2015,42.62,47.94,1750,1555.79,182.23,1120,2140,4530,3.5,4.4,1111.45,598,14.83,989
8/19/2015,40.8,46.83,1750,1558.8,182.23,1080,2170,4550,3.5,4.36,1126.15,602,15.22,993
8/20/2015,41.32,46.57,1750,1579.02,182.23,1030,2040,4630,3.54,4.36,1147.7,617,15.52,1017
8/21/2015,40.45,44.73,1750,1595.31,182.23,1220,2150,4830,3.48,4.46,1156.5,610,15.31,1028
8/24/2015,38.09,42.55,1750,1632.08,182.23,1050,2150,4300,3.52,4.43,1166.5,577,14.93,986
8/25/2015,39.15,42.96,1750,1608.96,182.81,1180,2130,4970,3.49,4.4,1137.5,558,14.67,994
8/26/2015,38.44,42.71,1750,1607.96,182.81,1260,2150,4560,3.45,4.34,1120.75,524,14.11,973
8/27/2015,42.56,45.21,1750,1581.46,182.81,1260,1980,4230,3.47,4.29,1119,548,14.48,990
8/28/2015,45.22,48.93,1750,1582.28,182.81,1260,1940,4640,3.46,4.2,1135,573,14.46,1003
8/31/2015,49.2,49.76,1750,1579.92,182.81,1500,1970,4650,3.47,4.23,1127,573,14.65,1003
9/1/2015,45.41,49.84,1750,1587.44,182.81,1280,2250,4800,3.42,4.26,1142.3,598,14.63,1005
9/2/2015,46.25,48.13,1750,1583.54,182.81,1280,2250,5140,3.43,4.19,1137.75,584,14.57,1007
9/3/2015,46.75,51.43,1750,1564.64,169.72,1280,2150,5140,3.36,4.05,1128,585,14.67,1002
9/4/2015,46.05,49.65,1750,1567.33,169.72,1280,1970,4350,3.39,4.07,1118.25,575,14.6,991
9/7/2015,46.05,47.5,1750,1573.49,169.72,1280,1930,5030,3.39,4.07,1118.25,582,14.6,986
9/8/2015,45.94,49.14,1750,1577.15,169.16,1460,1920,4670,3.44,4.15,1121.15,595,14.85,998
9/9/2015,44.15,48.33,1750,1574.6,169.16,1300,2230,4970,3.45,4.14,1109.85,581,14.63,992
9/10/2015,45.92,48.02,1750,1582.38,163.41,1220,2240,4650,3.5,4.18,1109.5,591,14.7,987
9/11/2015,44.63,47.6,1750,1591.48,167.59,1260,1960,4710,3.59,4.25,1100.25,587,14.38,971
9/14/2015,44,46.55,1750,1592.29,167.59,1230,1960,5050,3.65,4.41,1104.8,589,14.4,952
9/15/2015,44.59,46.36,1750,1589.78,170.18,1270,2230,4590,3.61,4.31,1105.95,596,14.36,959
9/16/2015,47.15,49.14,1750,1592.58,170.18,1230,2210,4590,3.56,4.25,1117.6,598,14.89,964
9/17/2015,46.9,48.16,1750,1595.68,170.18,1300,2210,4700,3.5,4.01,1117.5,602,14.93,960
9/18/2015,44.68,47.19,1750,1604.17,170.18,1150,1900,4720,3.51,4.23,1141.5,611,15.19,988
9/21/2015,46.68,47.61,1750,1578.57,170.18,1130,2010,5350,3.59,4.33,1133.25,602,15.24,972
9/22/2015,46.36,47.11,1750,1569.82,170.18,1170,2010,4850,3.57,4.32,1122.9,595,14.8,946
9/23/2015,44.48,48.54,1750,1571.38,170.18,1170,2050,4740,3.6,4.22,1131.35,632,14.82,937
9/24/2015,44.78,47.22,1750,1591.69,170.18,1140,2210,4720,3.59,4.34,1154.5,650,15.15,935
9/25/2015,45.7,47.57,1750,1575.49,160.27,1200,1900,5330,3.66,4.44,1146.65,672,15.13,945
9/28/2015,44.43,46.52,1750,1580.41,160.27,1200,1980,4560,3.65,4.42,1131.05,651,14.57,922
9/29/2015,45.23,47.54,1750,1581.85,163.66,1200,2220,4150,3.69,4.4,1132.1,650,14.68,911
9/30/2015,45.09,47.52,1750,1573.87,163.66,1220,2240,4650,3.68,4.49,1114,661,14.55,908
10/1/2015,44.74,48.13,1750,1579.78,163.66,1200,2190,4410,3.69,4.55,1119,659,14.6,908
10/2/2015,45.54,46.64,1750,1589.87,163.66,1160,1990,4920,3.68,4.5,1140.75,694,15.26,912
10/5/2015,46.26,49.46,1750,1580.79,163.66,1160,2150,5210,3.73,4.52,1139.75,706,15.58,915
10/6/2015,48.53,51.44,1750,1588.03,164.93,1160,2150,4820,3.76,4.63,1147.5,701,16.01,931
10/7/2015,47.81,51.73,1750,1584.42,164.1,1250,2310,4820,3.77,4.53,1144.6,696,16.01,945
10/8/2015,49.43,52.35,1750,1590.06,147.48,1250,2310,4820,3.72,4.48,1140,694,15.72,934
10/9/2015,49.43,52.43,1750,1600.95,147.48,1140,2040,4640,3.66,4.46,1151.55,723,15.89,978
10/12/2015,47.1,51.42,1750,1603.48,157.33,1280,2260,4880,3.66,4.43,1164.9,711,15.9,993
10/13/2015,46.66,49.61,1750,1603.6,165.72,1120,2010,4760,3.68,4.56,1165.2,687,15.97,983
10/14/2015,46.64,48.53,1750,1612.5,165.72,1120,2010,4670,3.61,4.45,1173.9,688,16.12,990
10/15/2015,46.38,48.31,1750,1605.51,165.72,1120,2170,4930,3.58,4.39,1184.25,708,16.16,988
10/16/2015,47.26,49.32,1750,1604.18,165.72,1100,2080,5730,3.59,4.29,1180.85,703,16.1,1007
10/19/2015,45.89,48.28,1750,1594.72,173.12,1230,2280,4590,3.55,4.22,1175.4,693,15.83,1014
10/20/2015,46.29,47.9,1750,1599.25,173.12,1230,2280,3940,3.6,4.28,1177.75,691,15.82,1013
10/21/2015,44.7,47.56,1750,1600.94,173.12,1230,2280,3940,3.64,4.31,1167.1,680,15.71,1007
10/22/2015,44.88,47.29,1750,1573.7,173.12,1230,1800,3940,3.64,4.27,1167,672,15.88,1000
10/23/2015,44.6,47.02,1750,1555.52,173.12,1230,2140,5010,3.66,4.27,1161.25,699,15.85,1006
10/26/2015,43.98,47.19,1750,1557.84,165.62,1050,2090,4570,3.7,4.27,1166.4,685,15.94,993
10/27/2015,43.2,46.05,1750,1558.04,170.7,1050,2050,4800,3.66,4.46,1165.7,682,15.96,989
10/28/2015,45.94,48.31,1750,1560.21,173.12,1050,2160,4790,3.63,4.43,1179.6,691,16.35,1005
10/29/2015,46.06,48.52,1750,1545.52,158.54,1050,2160,4790,3.67,4.52,1148.6,673,15.6,993
10/30/2015,46.59,48.45,1750,1557.64,158.54,1250,1970,4920,3.69,4.64,1142.35,677,15.56,988
11/2/2015,46.14,48.33,1750,1555.93,173.02,1290,2270,4820,3.66,4.5,1134,655,15.39,973
11/3/2015,47.9,49.3,1750,1544.29,173.02,1190,2270,4820,3.7,4.58,1123.1,644,15.33,960
11/4/2015,46.32,48.3,1750,1531.4,173.02,1190,2160,4450,3.74,4.68,1114.7,648,15.18,971
11/5/2015,45.2,47.95,1750,1531.79,173.02,1200,2150,5070,3.67,4.68,1106.3,612,15.02,954
11/6/2015,44.29,46.99,1750,1514.61,173.02,1200,2230,5010,3.66,4.65,1088.9,606,14.76,939
11/9/2015,43.87,46.64,1750,1515.12,132.75,1200,2250,4310,3.61,4.43,1089.6,603,14.51,918
11/10/2015,44.21,46.92,1750,1507.76,132.75,1200,2250,4780,3.54,4.32,1087.1,601,14.44,903
11/11/2015,42.93,45.57,1750,1512.74,132.75,1240,2290,4830,3.54,4.36,1085.9,588,14.32,889
11/12/2015,41.75,43.92,1750,1516.46,132.75,1240,2270,4830,3.58,4.4,1087.4,567,14.26,879
11/13/2015,40.74,43.44,1750,1513.11,121.53,1200,2210,5050,3.54,4.38,1081.5,542,14.25,866
11/16/2015,41.74,42.09,1750,1511.12,142.54,1210,2290,4940,3.56,4.36,1084.75,543,14.22,862
11/17/2015,40.67,42.84,1750,1501.71,142.54,1180,2350,4790,3.58,4.29,1079.2,547,14.13,861
11/18/2015,40.75,42.63,1750,1501.23,142.54,1190,2170,4870,3.58,4.33,1067.75,544,14.07,844
11/19/2015,40.54,43.1,1750,1513.93,142.54,1190,2170,4640,3.61,4.4,1082.6,533,14.37,848
11/20/2015,40.39,43.27,1750,1504.5,126.84,1200,2180,4370,3.6,4.38,1081.75,551,14.13,858
11/23/2015,39.78,44.25,1750,1497.25,126.84,1250,2260,4560,3.6,4.45,1070.5,548,14.08,847
11/24/2015,41.1,45.01,1750,1500.38,126.84,1270,1990,4830,3.61,4.34,1076.4,537,14.24,840
11/25/2015,41.84,44.26,1750,1494.84,126.84,1270,1970,4410,3.63,4.29,1068,539,14.16,834
11/26/2015,41.84,44.2,1750,1497.26,126.84,1270,2200,4480,3.63,4.29,1068,558,14.16,850
11/27/2015,41.84,43.88,1750,1493.88,126.84,1270,1980,4880,3.63,4.18,1057.4,551,14.07,827
11/30/2015,40.45,44.11,1750,1489.13,117.98,1260,2240,4690,3.61,4.13,1061.9,538,14.07,831
12/1/2015,41.85,44.07,1750,1495.69,117.98,1260,2240,4690,3.64,4.09,1065.4,547,14.1,843
12/2/2015,39.94,42.93,1750,1490.83,162.31,1260,2230,4610,3.6,4.05,1055.4,529,13.97,834
12/3/2015,41.08,42.9,1750,1530,162.31,1440,2220,4550,3.67,4.16,1055.45,528,14.04,845
12/4/2015,41.08,42.77,1750,1535.32,162.31,1440,2220,4550,3.73,4.22,1079.25,542,14.59,859
12/7/2015,37.65,40.78,1750,1530.16,162.31,1440,2220,4550,3.66,4.2,1075.8,557,14.37,878
12/8/2015,37.51,40.51,1750,1532.8,162.31,1440,2220,4550,3.65,4.19,1072.1,558,14.13,852
12/9/2015,37.16,40.18,1750,1545.8,162.31,1360,2220,4510,3.65,4.27,1081,554,14.16,855
12/10/2015,36.76,39.46,1750,1542.18,162.31,1270,2210,4580,3.68,4.33,1071,556,14.13,857
12/11/2015,35.62,37.93,1750,1550.58,162.31,1210,2230,4560,3.65,4.28,1072.5,543,13.91,836
12/14/2015,36.31,37.21,1750,1554.81,113.57,1200,2100,4550,3.7,4.31,1068.25,547,13.72,854
12/15/2015,37.35,38.42,1750,1539.88,113.57,1210,2110,4670,3.68,4.32,1061.5,558,13.73,852
12/16/2015,35.52,37.12,1750,1542.99,110.58,1220,2110,4660,3.61,4.21,1075.25,573,14.19,876
12/17/2015,34.95,36.75,1750,1527.66,110.58,1220,2110,4680,3.65,4.22,1049.4,568,13.71,848
12/18/2015,34.73,37.13,1750,1529.05,110.58,1270,2140,4680,3.65,4.24,1062.5,553,14.14,852
12/21/2015,35.81,35.76,1750,1539.46,114.41,1350,2130,4380,3.61,4.29,1078.75,558,14.3,873
12/22/2015,35.39,35.97,1750,1546.27,114.41,1350,2260,4290,3.55,4.21,1074.9,558,14.3,869
12/23/2015,36.88,36.49,1750,1533.98,108.73,1280,2300,4540,3.55,4.19,1068.25,551,14.3,866
12/24/2015,38.1,37.16,1750,1545.2,108.73,1250,2250,4360,3.54,4.17,1071.9,551,14.4,866
12/25/2015,38.1,37.16,1750,1545.2,108.73,1250,2250,4360,3.54,4.17,1071.9,551,14.4,866
12/28/2015,36.81,36.51,1750,1546.94,108.73,1250,2250,4360,3.5,4.16,1070.6,551,13.94,866
12/29/2015,37.87,37.03,1750,1537.76,111.06,1260,2300,4340,3.51,4.25,1070.1,558,13.97,895
12/30/2015,36.6,36.14,1750,1538.89,111.06,1240,2270,4220,3.49,4.19,1060,555,13.87,868
12/31/2015,37.04,35.7,1750,1531.74,111.06,1260,2260,4340,3.5,4.2,1062.25,555,13.85,868
1/1/2016,37.04,35.7,1750,1531.74,111.06,1260,2260,4340,3.5,4.2,1062.25,555,13.85,868
1/4/2016,36.76,36.55,1750,1523.43,111.21,1260,2240,4200,3.43,3.96,1082.25,550,13.89,893
1/5/2016,35.97,36,1750,1511.59,111.21,1270,2120,4340,3.44,4.07,1077,544,14.02,893
1/6/2016,33.97,34.25,1750,1515.81,111.21,1280,2110,4280,3.44,4.08,1091.4,519,13.98,873
1/7/2016,33.27,34.05,1750,1527.42,111.21,1280,2110,4200,3.43,4.14,1106.35,486,14.2,865
1/8/2016,33.16,32.26,1750,1537.65,109.38,1290,2230,4460,3.47,4.24,1101.85,505,14.04,874
1/11/2016,31.41,31.15,1750,1530.41,131.3,1240,2140,4260,3.42,4.26,1100.75,485,13.99,853
1/12/2016,30.44,30.18,1750,1526.56,135.63,1240,2160,4360,3.5,4.38,1085.4,470,13.78,843
1/13/2016,30.48,30.02,1750,1529.79,135.63,1180,2250,4510,3.49,4.35,1088.15,490,14.2,843
1/14/2016,31.2,30.67,1750,1528.36,135.63,1180,2240,4490,3.5,4.31,1088.4,485,13.82,835
1/15/2016,29.42,29.8,1750,1544.25,114.51,1200,2300,4540,3.55,4.36,1093.75,492,14,839
1/18/2016,29.42,28.98,1750,1533.47,114.51,1230,2220,4710,3.55,4.36,1093.75,495,14,816
1/19/2016,28.46,29.7,1750,1536.71,114.51,1240,2180,4760,3.61,4.38,1086.25,499,14.11,834
1/20/2016,28.35,27.82,1750,1536.48,132.3,1120,2180,4930,3.62,4.35,1101.75,486,14.13,820
1/21/2016,29.53,29.11,1750,1526.17,132.3,1220,2210,4810,3.6,4.38,1096.5,497,13.98,814
1/22/2016,29.53,31.7,1750,1526.23,116.74,1330,2240,4720,3.63,4.39,1096.25,507,14.11,833
1/25/2016,28.47,31.33,1750,1527.44,131.45,1330,2230,4730,3.63,4.44,1106.6,494,14.27,862
1/26/2016,31.45,32.1,1750,1529.66,131.45,1330,2230,4730,3.64,4.47,1113.6,500,14.51,867
1/27/2016,32.3,32.75,1750,1532.8,131.45,1340,2260,4460,3.64,4.48,1116.25,494,14.51,876
1/28/2016,33.22,34.53,1750,1542.48,131.45,1340,2280,4670,3.61,4.44,1114,499,14.26,883
1/29/2016,33.62,34.3,1750,1525.66,131.45,1340,2130,4790,3.67,4.49,1111.8,501,14.29,866
2/1/2016,31.62,34.83,1750,1536.05,131.45,1210,2250,4730,3.66,4.84,1126.5,502,14.33,867
2/2/2016,29.88,33.27,1750,1536.97,131.45,1210,2250,4730,3.66,4.84,1128.5,495,14.31,863
2/3/2016,32.28,34.4,1750,1557.96,131.45,1210,2250,4730,3.64,4.86,1132,493,14.68,861
2/4/2016,31.72,34.88,1750,1574.88,131.45,1210,2250,4730,3.62,4.8,1156.35,509,14.89,897
2/5/2016,30.89,34.56,1750,1571.3,129.25,1210,2250,4730,3.59,4.74,1150.35,509,14.75,899
2/8/2016,29.69,33.91,1750,1571.73,150.14,1210,2250,4730,3.55,4.67,1193.25,496,15.36,913
2/9/2016,27.94,32.24,1750,1594.69,150.14,1210,2250,4730,3.54,4.65,1191,517,15.44,932
2/10/2016,27.45,31.03,1750,1578.42,150.14,1200,2200,4650,3.54,4.68,1190,519,15.25,926
2/11/2016,26.21,30.23,1750,1599.44,150.14,1120,2190,4530,3.54,4.67,1241,521,15.92,948
2/12/2016,29.44,32.9,1750,1585.39,150.14,1190,2140,4670,3.52,4.66,1239.75,526,15.79,957
2/15/2016,29.44,33.79,1750,1571.42,150.14,1190,2120,4580,3.52,4.66,1239.75,516,15.79,938
2/16/2016,29.04,32.45,1750,1571.38,148.6,1190,2210,4630,3.57,4.72,1209.5,509,15.39,933
2/17/2016,30.66,34.61,1750,1569.85,148.6,1290,2240,4690,3.6,4.79,1210,513,15.42,939
2/18/2016,30.77,34.65,1750,1564.97,142.87,1280,2190,4670,3.58,4.74,1210.1,507,15.43,933
2/19/2016,30.77,33.19,1750,1566.07,142.87,1330,2100,4820,3.58,4.73,1231.15,507,15.46,941
2/22/2016,33.39,35.01,1750,1554.86,147.59,1280,2070,4650,3.59,4.7,1211,501,15.23,922
2/23/2016,30.02,33.33,1750,1554.34,147.59,1210,1970,4440,3.55,4.63,1221.35,498,15.33,929
2/24/2016,30.45,33.11,1750,1554.1,147.59,1200,1990,4490,3.53,4.58,1250.75,498,15.44,950
2/25/2016,31.97,33.88,1750,1555.61,147.59,1230,2000,4510,3.48,4.61,1236,487,15.21,930
2/26/2016,31.97,36.31,1750,1540.68,131.73,1330,2200,4560,3.47,4.58,1226.5,492,14.77,928
2/29/2016,33.75,36.43,1750,1532.09,131.73,1310,2180,4550,3.46,4.59,1234.9,494,14.88,919
3/1/2016,34.4,36.68,1750,1531.18,131.73,1310,2200,4690,3.45,4.56,1236.5,511,14.79,943
3/2/2016,34.66,37.38,1750,1526.74,125.05,1330,2170,5190,3.46,4.55,1239.2,517,15.01,931
3/3/2016,34.57,37.15,1750,1541.36,125.05,1320,2180,4900,3.46,4.64,1250.25,524,15.18,940
3/4/2016,35.92,38.27,1750,1551.94,125.05,1350,2210,5330,3.47,4.65,1277.5,550,15.73,960
3/7/2016,37.9,40.13,1750,1548.74,125.05,1350,2260,4830,3.48,4.68,1267.9,571,15.69,1002
3/8/2016,36.5,40.17,1750,1558.48,125.05,1360,2130,4840,3.5,4.72,1267,575,15.47,1005
3/9/2016,38.29,40.99,1750,1552.46,125.05,1330,2130,4640,3.5,4.75,1246.4,564,15.4,980
3/10/2016,37.84,39.84,1750,1571.66,125.05,1330,2150,4260,3.54,4.84,1266.5,571,15.58,979
3/11/2016,38.5,40.58,1750,1573.41,125.05,1370,2180,4580,3.55,4.84,1264.75,576,15.65,974
3/14/2016,37.18,39.29,1750,1566.06,125.05,1360,2170,4560,3.58,4.86,1242.75,567,15.52,963
3/15/2016,36.34,38.78,1750,1566.8,125.05,1340,2080,4320,3.58,4.85,1232,566,15.35,956
3/16/2016,38.46,40.23,1750,1561.51,131.48,1300,2070,4520,3.58,4.79,1228.5,574,15.29,963
3/17/2016,40.2,41.64,1750,1595.64,131.48,1290,2020,4470,3.59,4.71,1266.5,589,16.04,988
3/18/2016,39.44,41.61,1750,1592.09,131.48,1350,2140,4610,3.57,4.71,1252.1,593,15.88,972
3/21/2016,39.91,41.48,1750,1587.58,131.48,1290,2040,4650,3.59,4.74,1244.9,600,15.9,978
3/22/2016,41.45,41.75,1750,1582.87,131.48,1330,2040,4590,3.6,4.75,1252.5,605,15.89,991
3/23/2016,39.79,40.85,1750,1575.69,131.48,1300,2030,4720,3.59,4.71,1217.6,580,15.35,960
3/24/2016,38.03,39.87,1750,1574.02,131.48,1260,2090,4960,3.6,4.71,1221,577,15.28,957
3/25/2016,38.03,39.87,1750,1574.02,131.48,1260,2090,4960,3.6,4.71,1221,577,15.28,957
3/28/2016,39.39,40.03,1750,1581.31,140.68,1260,2090,4960,3.6,4.78,1220,577,15.27,957
3/29/2016,38.28,38.88,1750,1577.11,140.68,1260,2150,4810,3.63,4.84,1226,566,15.18,948
3/30/2016,38.32,39.8,1750,1601.01,132.05,1280,2260,4820,3.57,4.72,1236.25,570,15.25,971
3/31/2016,38.34,39.95,1750,1606.78,132.05,1280,2260,4930,3.41,4.81,1237,569,15.46,976
4/1/2016,36.79,38.76,1750,1599.66,132.05,1370,2310,4910,3.44,4.84,1213.6,559,14.92,957
4/4/2016,35.7,38.26,1750,1604.81,138.43,1350,2260,4870,3.44,4.82,1219.75,559,15.05,954
4/5/2016,35.89,37.85,1750,1603.95,138.43,1310,2200,4720,3.46,4.81,1231.25,553,15.19,961
4/6/2016,37.75,39.56,1750,1603.81,138.43,1380,2260,4640,3.47,4.7,1221.4,542,15.19,942
4/7/2016,37.26,38.96,1750,1604.84,138.43,1360,2170,4680,3.51,4.65,1242.1,536,15.29,955
4/8/2016,37.26,42.1,1750,1608.46,138.82,1390,2080,4660,3.52,4.67,1239.5,537,15.36,957
4/11/2016,40.36,42.98,1750,1613.46,138.82,1300,2060,4810,3.47,4.55,1254.75,547,15.95,981
4/12/2016,42.17,44.4,1750,1603.95,138.82,1320,2180,4650,3.53,4.59,1254.6,546,16.17,990
4/13/2016,41.76,44.37,1750,1590.95,133.57,1320,2180,4650,3.64,4.68,1245.75,541,16.25,994
4/14/2016,41.5,44.43,1750,1588.08,133.57,1340,2170,4650,3.63,4.67,1233.85,555,16.17,993
4/15/2016,40.36,42.96,1750,1592.92,133.89,1380,2170,4640,3.68,4.68,1227.1,568,16.3,986
4/18/2016,39.78,42.98,1750,1597.35,132.05,1280,2150,4770,3.69,4.82,1234.3,565,16.28,978
4/19/2016,41.08,44.24,1750,1603.92,132.05,1330,2220,4550,3.73,4.95,1255.4,582,17.03,999
4/20/2016,44.18,44.66,1750,1598.05,142.57,1310,2100,4900,3.82,5.13,1252,592,17.16,1018
4/21/2016,42.15,45.35,1750,1591.76,143.89,1290,2120,4970,3.7,5.04,1249.25,616,17.17,1041
4/22/2016,42.68,45.69,1750,1584.93,124.36,1290,2070,4620,3.57,4.75,1243.25,611,17.07,1028
4/25/2016,41.22,45.3,1750,1588.78,124.36,1290,2010,4590,3.62,4.78,1238.9,606,17.06,1015
4/26/2016,44.04,45.77,1750,1594.28,124.36,1270,1990,4870,3.67,4.88,1241.7,597,17.17,1005
4/27/2016,45.33,46.24,1750,1594.68,124.32,1260,1980,4830,3.66,4.84,1247.4,604,17.27,1019
4/28/2016,46.03,47.59,1750,1595.46,124.32,1260,2010,4830,3.72,4.86,1256,617,17.56,1040
4/29/2016,45.92,47.49,1750,1615.02,112.7,1350,2070,4760,3.75,4.89,1285.65,628,17.9,1065
5/2/2016,44.78,46.64,1750,1623.46,125.16,1350,2070,4760,3.75,4.88,1292,628,17.76,1065
5/3/2016,43.65,45.02,1750,1623.99,125.16,1270,2070,4480,3.63,4.73,1294,617,17.42,1081
5/4/2016,43.78,44.95,1750,1620.37,118.82,1270,2060,4540,3.6,4.73,1283,601,17.35,1061
5/5/2016,44.32,45.78,1750,1607.34,118.82,1280,2120,4010,3.57,4.51,1280.25,617,17.36,1064
5/6/2016,44.66,45.93,1750,1610.62,118.82,1290,2310,4130,3.6,4.51,1289,604,17.59,1072
5/9/2016,43.44,43.81,1750,1607.06,118.82,1320,2170,4040,3.53,4.45,1265.25,591,17.03,1053
5/10/2016,44.66,45.26,1750,1606.79,122.52,1280,2160,4020,3.63,4.5,1262.8,583,17.08,1043
5/11/2016,46.23,47.21,1750,1612.02,122.52,1300,2100,4300,3.6,4.48,1276.85,605,17.46,1067
5/12/2016,46.7,47.2,1750,1608.05,122.52,1330,2060,4330,3.71,4.57,1279.25,607,17.12,1057
5/13/2016,46.21,48,1750,1593.12,125.83,1340,2140,4540,3.75,4.57,1265.9,592,17.12,1042
5/16/2016,47.72,49.15,1750,1597.68,125.83,1310,2070,4160,3.78,4.64,1285.75,591,17.25,1058
5/17/2016,48.31,49.41,1750,1598.42,125.83,1330,2030,4450,3.8,4.7,1277,582,17.34,1042
5/18/2016,48.19,49.7,1750,1590.43,107.15,1310,2090,4460,3.82,4.7,1272.9,576,17.15,1034
5/19/2016,48.16,47.86,1750,1579.85,107.15,1260,2090,4560,3.73,4.65,1246.25,565,16.54,1010
5/20/2016,48.41,48.95,1750,1580.95,107.15,1280,2180,4570,3.78,4.64,1254.2,567,16.5,1025
5/23/2016,47.46,48.37,1750,1579.12,123.42,1270,2030,4620,3.8,4.59,1245.9,549,16.42,1007
5/24/2016,48.15,48.98,1750,1573.64,123.42,1290,2010,4630,3.81,4.61,1236.85,544,16.3,1006
5/25/2016,49.11,49.24,1750,1571.37,123.42,1300,2000,4620,3.88,4.63,1220.6,523,16.35,994
5/26/2016,49.48,49.92,1750,1576.93,123.42,1300,2000,4620,3.9,4.78,1223.85,545,16.4,1003
5/27/2016,49.33,49.37,1750,1569.55,123.42,1320,2130,4630,3.95,4.78,1216.25,546,16.28,984
5/30/2016,49.33,49.37,1750,1570.46,123.42,1320,2130,4630,3.95,4.78,1216.25,546,16.28,984
5/31/2016,49.1,50.05,1750,1569.67,123.42,1290,2100,4730,3.87,4.61,1212.1,540,16.03,971
6/1/2016,49.01,49.67,1750,1575.28,123.42,1300,2090,4760,3.95,4.7,1214.5,546,15.99,976
6/2/2016,49.17,49.87,1750,892.79,123.42,1290,2070,4400,3.98,4.88,1212.4,538,16.05,965
6/3/2016,48.62,49.68,1750,906.59,123.42,1330,2210,4350,4,5,1240.5,554,16.38,979
6/6/2016,49.69,50.61,1250,909.35,123.42,1310,2090,4350,4.09,5.12,1244,556,16.48,989
6/7/2016,50.36,51.23,1250,908.35,123.42,1290,1910,4340,4.09,5.13,1241,550,16.38,986
6/8/2016,51.23,52.21,1250,911.49,118.07,1280,1910,4270,4.12,5.25,1263,568,17.08,1016
6/9/2016,50.56,52.11,1250,906.05,118.07,1290,1940,3880,4.07,4.97,1263.9,556,17.28,993
6/10/2016,49.07,51.06,1250,847.33,115.88,1380,2030,4080,4.04,4.85,1275.5,554,17.28,996
6/13/2016,48.88,50.79,1250,847.49,115.88,1290,2030,4440,4.11,4.78,1280.8,546,17.42,993
6/14/2016,48.49,49.79,1250,840.75,115.88,1260,1990,4500,4.17,4.74,1287.15,540,17.35,985
6/15/2016,48.01,49.47,1250,842.64,118.43,1210,1900,4510,4.09,4.66,1283.3,544,17.51,981
6/16/2016,46.21,47.65,1250,836.02,118.43,1250,1980,4510,4.05,4.66,1310.75,540,17.71,985
6/17/2016,47.98,48.47,1250,843.65,118.43,1280,2100,4530,4.18,4.75,1290.7,531,17.36,968
6/20/2016,49.37,50.5,1250,850.32,140.44,1260,2170,4640,4,4.72,1281.8,543,17.52,978
6/21/2016,49.85,50.02,1250,845.33,140.44,1260,2010,4540,3.74,4.57,1272.6,544,17.31,974
6/22/2016,48.35,50.25,1250,846.14,140.44,1270,2010,4600,3.73,4.57,1264.85,557,17.34,980
6/23/2016,49.21,50.55,1250,851.27,140.44,1270,2010,4530,3.69,4.55,1262.15,560,17.38,963
6/24/2016,46.97,48.75,1220,822.54,126.91,1410,2000,4700,3.67,4.59,1315.5,548,17.82,987
6/27/2016,46.33,47.19,1220,812.22,126.91,1360,2070,4680,3.67,4.53,1324.55,554,17.75,986
6/28/2016,47.85,47.83,1220,817.76,126.91,1360,2070,4600,3.67,4.49,1309.7,568,17.86,975
6/29/2016,49.88,49.98,1220,821.6,126.91,1360,2120,4840,3.52,4.39,1321.5,582,18.45,997
6/30/2016,48.33,49.62,1220,822.1,126.91,1280,2110,4800,3.44,4.42,1320.75,589,18.55,999
7/1/2016,48.99,49.89,1220,823.77,126.91,1320,2280,4770,3.38,4.26,1340,598,19.54,1039
7/4/2016,48.99,50.2,1260,824.18,126.91,1320,2060,4810,3.38,4.26,1340,611,19.54,1066
7/5/2016,46.6,48.05,1260,822.07,126.91,1320,2010,4760,3.28,4.29,1350.75,604,19.83,1063
7/6/2016,47.43,47.66,1260,819.29,126.91,1310,2020,4710,3.2,4.25,1366.25,596,20.16,1070
7/7/2016,45.14,47.93,1260,819.37,126.91,1210,2000,4580,3.2,4.23,1356.7,608,19.67,1086
7/8/2016,45.41,46.7,1260,816.57,154.37,1310,2170,4670,3.35,4.34,1354.25,606,19.94,1082
7/11/2016,44.76,46.69,1260,817.41,156.76,1280,2060,4650,3.31,4.3,1357.1,621,20.46,1087
7/12/2016,46.8,47.85,1260,819.14,156.76,1230,1960,4640,3.34,4.4,1342.4,627,20.34,1092
7/13/2016,44.75,46.33,1260,799.43,140.54,1230,2050,4480,3.43,4.4,1342.75,640,20.34,1091
7/14/2016,45.68,47.38,1260,799.55,140.54,1230,2050,4480,3.39,4.36,1323.6,645,20.3,1085
7/15/2016,45.95,47.7,1260,797.1,137.56,1330,2110,4560,3.36,4.26,1327,645,20.14,1092
7/18/2016,45.24,46.8,1260,796.71,145.19,1280,1990,4590,3.4,4.32,1334.7,637,20.04,1083
7/19/2016,44.65,46.96,1270,792.81,145.19,1300,1910,4510,3.27,4.2,1330.9,648,19.99,1086
7/20/2016,45,47.17,1270,792.69,143.61,1290,1910,4670,3.24,4.15,1315.9,649,19.64,1067
7/21/2016,44,46.76,1270,791.83,143.61,1290,1940,5070,3.2,4.19,1321.15,676,19.71,1089
7/22/2016,43.47,45.53,1270,790.38,137.11,1340,2010,5130,3.21,4.27,1320.75,684,19.69,1092
7/25/2016,42.38,44.85,1270,790.1,137.11,1310,1910,5130,3.21,4.31,1313.15,682,19.71,1068
7/26/2016,42.92,44.71,1280,790.88,137.11,1310,1860,4740,3.19,4.1,1323,687,19.69,1087
7/27/2016,41.92,44.06,1280,791.23,137.11,1240,1960,4450,3.23,4.04,1329,694,20.03,1105
7/28/2016,41.14,42.91,1400,798.01,137.11,1250,1960,4360,3.21,3.95,1341.75,702,20.23,1143
7/29/2016,41.6,42.44,1400,805.14,141.37,1320,2080,4560,3.22,3.93,1342,707,20.33,1143
8/1/2016,40.06,42.29,1420,804.33,141.53,1260,1910,4340,3.13,3.91,1349.65,721,20.59,1150
8/2/2016,39.51,42.09,1420,808.12,141.53,1260,1900,4700,3.11,3.88,1363.75,720,20.69,1175
8/3/2016,40.83,42.55,1420,804.46,141.53,1250,1970,4710,3.13,3.96,1358.9,706,20.44,1161
8/4/2016,41.93,43.36,1420,801.96,141.53,1240,2020,4710,3.09,3.84,1362.75,711,20.46,1157
8/5/2016,41.8,43.69,1420,797.09,141.53,1330,2120,4710,3.13,3.98,1340.4,699,19.76,1146
8/8/2016,43.02,45.25,1420,797.35,141.53,1310,2120,4760,3.13,3.99,1336.8,695,19.82,1149
8/9/2016,42.77,45.36,1400,800.08,141.53,1310,2120,4760,3.1,3.99,1341,687,19.84,1143
8/10/2016,41.71,44.26,1400,803.75,101.47,1260,2130,4790,3.11,4.01,1347.7,730,20.24,1182
8/11/2016,43.49,45.9,1400,782.5,101.47,1270,2170,4550,3.09,3.95,1355,709,20.12,1165
8/12/2016,44.49,46.83,1400,782.55,109.48,1360,2310,4650,3.08,3.99,1352.2,694,20.16,1146
8/15/2016,45.74,48.21,1400,783.83,130.32,1360,2310,4650,3.12,4.02,1339.4,684,19.88,1112
8/16/2016,46.58,49.07,1380,788.19,130.32,1350,2080,4500,3.12,3.44,1344,701,19.88,1124
8/17/2016,46.79,49.37,1380,789.26,130.32,1240,1930,4450,3.16,4.03,1343.35,698,19.59,1109
8/18/2016,48.22,50.62,1380,792.96,130.32,1230,1920,4410,3.16,4.04,1350.05,701,19.76,1122
8/19/2016,48.52,50.61,1380,792.72,102.37,1200,1980,4400,3.17,4.04,1346.4,711,19.38,1106
8/22/2016,46.86,49.43,1380,793.04,102.37,1220,1930,4380,3.19,3.94,1335.9,707,18.97,1110
8/23/2016,47.55,50.02,1380,792.5,128.18,1200,1910,4320,3.15,3.86,1342,695,18.9,1108
8/24/2016,46.42,48.85,1380,787.43,128.18,1180,2060,4460,3.14,3.9,1327.25,692,18.58,1090
8/25/2016,47.33,49.58,1380,789.74,128.18,1210,2100,4410,3.08,3.88,1321.3,685,18.54,1074
8/26/2016,47.64,50.15,1380,789.66,128.18,1260,2060,4650,3.01,3.7,1318.75,690,18.72,1077
8/29/2016,46.98,49.27,1380,781.71,128.18,1260,2060,4650,2.96,3.58,1320,690,18.78,1077
8/30/2016,46.35,48.56,1380,780.6,128.18,1250,2030,4560,2.89,3.5,1318.15,690,18.63,1067
8/31/2016,44.7,46.88,1380,779.59,128.18,1130,1960,4470,2.88,3.48,1309.25,674,18.72,1050
9/1/2016,43.16,45.99,1380,783.53,128.18,1130,1960,4560,3.02,3.82,1309.5,666,18.84,1043
9/2/2016,44.44,46.91,1380,781.37,128.18,1200,1930,4590,3.02,3.86,1324.7,670,19.25,1052
9/5/2016,44.44,47.54,1380,780.21,128.18,1200,2100,4620,3.02,3.86,1324.7,676,19.25,1065
9/6/2016,44.83,46.91,1380,786.77,128.18,1260,2020,4620,3.05,3.85,1337.25,689,19.82,1087
9/7/2016,45.5,47.55,1380,787.01,128.18,1250,2060,4370,3.1,3.89,1348.35,698,19.79,1097
9/8/2016,47.62,49.85,1380,789.21,128.18,1250,2030,4500,3.16,3.93,1343.4,694,19.7,1088
9/9/2016,45.88,48.94,1380,784.8,128.18,1350,2140,4520,3.16,3.9,1330.85,678,19.41,1073
9/12/2016,46.29,48.64,1290,785.37,128.18,1280,2050,4270,3.15,3.95,1324.6,665,18.84,1043
9/13/2016,44.9,47.24,1290,786.96,126.45,1220,1920,4330,3.1,3.88,1323.65,657,18.95,1046
9/14/2016,43.58,46.46,1290,787.39,132.82,1230,1970,4310,3.11,3.9,1321.75,653,19.06,1032
9/15/2016,43.91,46.82,1290,787.11,129.1,1230,2080,4310,3.08,3.87,1310.8,656,19.11,1031
9/16/2016,43.03,46.26,1290,781.43,124.67,1260,2210,4420,3.13,3.89,1308.35,656,18.79,1012
9/19/2016,43.3,47.04,1290,782.78,92.72,1340,2190,4500,3.11,3.9,1314.85,681,19.26,1021
9/20/2016,44.05,46.22,1290,781.93,92.72,1220,2150,4540,3.15,3.92,1313.8,682,19.25,1022
9/21/2016,45.34,46.87,1290,779.8,92.72,1210,1930,4320,3.14,3.94,1326.1,688,19.75,1043
9/22/2016,46.15,47.86,1290,786.85,92.72,1200,1950,4370,3.11,3.92,1339.1,697,20.05,1059
9/23/2016,44.26,47.47,1290,785.41,92.72,1260,1980,4490,3.1,3.91,1338.65,697,19.8,1055
9/26/2016,45.93,47.39,1290,788.74,92.72,1310,1990,4450,3.03,3.82,1340.5,691,19.56,1036
9/27/2016,44.67,45.76,1290,783.79,92.72,1310,2070,4430,3.05,3.9,1327,691,19.08,1033
9/28/2016,47.05,46.3,1290,783.38,92.72,1320,2100,4620,3.01,3.89,1322.5,701,19.09,1018
9/29/2016,47.83,49.3,1290,786.11,92.72,1320,2130,4570,3.01,3.84,1318.1,709,19.14,1021
9/30/2016,48.24,48.97,1290,786.64,92.72,1390,2170,4620,3.09,3.88,1322.5,722,19.34,1034
10/3/2016,48.81,50.36,1290,785.28,92.72,1390,2090,4610,3.18,3.81,1313.3,722,18.95,1013
10/4/2016,48.69,51.25,1290,781.02,92.72,1280,2050,4700,3.2,3.61,1283.3,705,18.08,998
10/5/2016,49.83,51.95,1290,784.01,92.72,1290,2050,4600,3.2,3.7,1269.4,683,17.65,983
10/6/2016,50.44,52.43,1290,781.8,92.72,1280,1910,4530,3.13,3.61,1254.5,667,17.35,973
10/7/2016,51.35,52.38,1290,782.34,92.72,1280,1990,4420,3.12,3.66,1258.75,674,17.23,975
10/10/2016,51.35,53.39,1290,780.98,92.72,1350,2100,4140,3.12,3.66,1259.5,667,17.68,967
10/11/2016,50.79,52.56,1290,774.11,114.47,1340,2120,4010,3.21,3.82,1253.45,657,17.54,958
10/12/2016,50.18,51.88,1300,770.87,114.47,1330,1980,4210,3.13,3.82,1256.5,651,17.45,947
10/13/2016,50.44,51.77,1300,772.16,114.47,1300,1970,4220,3.24,3.94,1261.05,640,17.46,935
10/14/2016,50.35,51.64,1300,770.27,114.47,1310,2070,4380,3.32,4.05,1251.75,642,17.4,933
10/17/2016,49.94,51.36,1300,769.42,114.47,1310,2170,4330,3.33,4.08,1254.8,641,17.43,932
10/18/2016,50.29,51.51,1300,768.19,114.47,1270,2050,4330,3.33,4.04,1258.2,639,17.68,940
10/19/2016,51.6,53.02,1300,767.7,115.67,1290,2050,4270,3.38,4.04,1269.05,638,17.69,942
10/20/2016,50.38,51.55,1300,764.81,141.55,1300,2090,4320,3.31,4.02,1271.65,634,17.53,935
10/21/2016,50.5,51.63,1300,760.96,141.55,1270,2080,4460,3.32,4,1266.05,619,17.44,927
10/24/2016,50.12,51.22,1300,761.92,141.55,1240,2010,4510,3.26,3.88,1265.55,628,17.58,947
10/25/2016,49.56,50.87,1300,760.18,141.55,1300,1980,4350,3.29,3.89,1269.4,636,17.76,958
10/26/2016,49.18,50.42,1300,764.21,141.55,1270,1980,4280,3.34,4,1270.5,631,17.67,961
10/27/2016,49.72,50.66,1300,764.27,141.55,1270,2090,4340,3.38,4.03,1266.25,617,17.64,970
10/28/2016,48.7,50.21,1300,765,141.55,1220,2000,4270,3.35,3.96,1273,616,17.67,972
10/31/2016,46.86,47.63,1300,767.33,141.55,1220,2020,4270,3.35,3.96,1272,612,17.83,976
11/1/2016,46.67,48.28,1300,773.08,114.51,1220,2060,4390,3.29,4.08,1288.45,631,18.38,995
11/2/2016,45.34,46.66,1300,778.26,117.11,1220,2060,4350,3.27,4.02,1303.75,635,18.67,994
11/3/2016,44.66,46.41,1300,776.6,117.11,1200,2070,4350,3.31,4.06,1301,627,18.29,986
11/4/2016,44.07,45.61,1300,778.62,117.11,1200,2070,4320,3.31,4.08,1302.8,625,18.42,1003
11/7/2016,44.89,45.67,1300,772.41,133.13,1230,2070,4150,3.28,4.09,1283.05,632,18.11,995
11/8/2016,44.98,46.11,1300,773.25,133.13,1240,2130,4180,3.38,4.14,1282.35,656,18.4,1003
11/9/2016,45.27,46,1300,766.29,126.7,1270,2070,4360,3.24,4.08,1281.4,676,18.7,1014
11/10/2016,44.66,45.92,1300,761.51,114.15,1240,2120,4280,3.26,4.06,1267.5,690,18.56,984
11/11/2016,43.41,44.4,1300,759.85,114.15,1280,2090,4330,3.26,4.06,1236.45,685,17.71,974
11/14/2016,43.32,43.84,1300,750.64,143.98,1340,2110,4320,3.2,3.96,1213.6,683,16.86,936
11/15/2016,45.81,46.23,1300,750.96,143.88,1340,2060,4280,3.24,4.02,1226.95,708,17.06,933
11/16/2016,45.57,46.94,1300,747.25,108.3,1320,1980,4320,3.2,4,1229.2,716,16.96,937
11/17/2016,45.42,46.56,1300,747.19,108.3,1270,1990,4340,3.25,4.06,1226.75,718,16.94,935
11/18/2016,45.69,46.41,1300,740.22,108.3,1290,2040,4630,3.29,4.11,1211,718,16.6,923
11/21/2016,48.24,48.73,1300,743.57,107.01,1290,2070,4600,3.29,4.13,1214.25,730,16.59,929
11/22/2016,46.78,48.65,1300,741.29,107.01,1280,1990,4260,3.35,4.1,1212.25,746,16.66,940
11/23/2016,44.61,48.93,1300,737.22,105.69,1290,1980,4100,3.35,4.05,1185.35,725,16.37,923
11/24/2016,44.61,49.04,1300,739.43,105.69,1290,2050,3970,3.35,4.05,1185.35,733,16.37,914
11/25/2016,44.61,47.27,1300,742.32,105.69,1270,2010,3960,3.35,4.05,1187.7,729,16.52,906
11/28/2016,47.08,48.4,1300,740.9,105.69,1280,2130,4060,3.33,3.92,1187,749,16.59,911
11/29/2016,45.23,46.57,1300,743.33,105.69,1290,2150,4060,3.22,3.84,1186.55,761,16.6,917
11/30/2016,49.44,50.1,1300,742.56,107.29,1290,2040,3740,3.22,3.81,1178.1,770,16.51,920
12/1/2016,51.06,54.32,1300,742.78,107.29,1290,2040,3780,3.17,3.77,1161.85,767,16.51,906
12/2/2016,51.68,54.25,1300,746.22,107.29,1280,2030,3830,3.22,3.86,1173.5,743,16.74,918
12/5/2016,51.79,55.04,1300,750.74,128.93,1300,2210,4060,3.39,3.9,1162.2,732,16.73,930
12/6/2016,50.93,54.06,1300,751.37,128.94,1300,2100,4240,3.4,3.89,1172.5,747,16.8,941
12/7/2016,49.77,53.69,1300,753.57,98.31,1290,2000,4200,3.38,3.83,1177.65,734,17.21,944
12/8/2016,50.84,53.58,1300,742.77,124.99,1290,2040,4560,3.34,3.9,1171.05,725,17.08,940
12/9/2016,51.5,54.19,1300,737.59,124.99,1320,1990,4570,3.4,3.99,1163.6,744,16.97,925
12/12/2016,52.83,55.99,1300,742.62,124.99,1250,1930,4090,3.4,3.99,1156.1,734.5,17.19,923
12/13/2016,52.98,55.6,1300,744.84,124.99,1270,1970,4220,3.4,4.01,1158.55,733,16.88,934
12/14/2016,51.04,55.15,1300,745.69,118.46,1260,1950,4130,3.43,4.04,1162.25,733,17.21,942
12/15/2016,50.9,53.49,1300,729.05,118.46,1260,1970,4510,3.38,4.02,1126.95,727,15.93,914
12/16/2016,51.9,55.21,1300,728.67,118.46,1250,2070,4380,3.37,3.97,1131.6,688,16.22,904
12/19/2016,52.12,55,1300,730.57,118.46,1310,2050,4330,3.37,3.91,1136.25,681,16.06,925
12/20/2016,52.28,55.9,1300,726.44,118.46,1310,2150,4200,3.31,3.89,1125.7,665,15.92,908
12/21/2016,52.28,55.14,1300,730.32,104.26,1300,2020,4110,3.28,3.86,1133.65,659,15.96,912
12/22/2016,51.97,55.16,1300,731.96,123.84,1220,2030,4080,3.28,3.83,1131.35,655,15.92,906
12/23/2016,51.92,54.74,1300,732.34,123.84,1280,2230,4200,3.28,3.8,1133.7,655,15.77,906
12/26/2016,51.92,54.74,1300,732.34,123.84,1280,2230,4200,3.28,3.8,1133.7,655,15.77,906
12/27/2016,53.9,56,1300,732.05,123.84,1280,2230,4200,3.38,3.96,1133.7,655,15.9,906
12/28/2016,54.06,56.43,1300,727.58,123.84,1290,2230,4370,3.32,3.89,1134.6,675,16.04,899
12/29/2016,53.77,56.11,1300,734.3,123.84,1290,2210,4560,3.34,3.93,1146.8,670,16.24,898
12/30/2016,53.72,56.71,1300,738.33,123.84,1310,2280,4660,3.37,3.98,1159.1,670,16.05,898
1/2/2017,53.72,56.71,1300,738.33,123.84,1310,2280,4660,3.37,3.98,1159.1,670,16.05,898
1/3/2017,52.33,56.3,1300,726.88,123.84,1310,2260,4470,3.41,3.99,1151,706,16.48,929
1/4/2017,53.26,55.97,1300,733.28,123.84,1310,2260,4430,3.45,4.11,1164.25,738,16.47,948
1/5/2017,53.76,56.17,1300,742.02,123.84,1310,2110,4340,3.46,4.18,1176.7,738,16.66,967
1/6/2017,53.99,57.03,1300,740.44,123.84,1290,2040,4450,3.43,4.16,1175.85,745,16.48,959
1/9/2017,51.96,55.58,1300,738.89,148.48,1270,1850,4570,3.44,4.2,1178.5,760,16.69,976
1/10/2017,50.82,54.44,1300,741.44,148.48,1310,1970,4520,3.41,4.2,1189.5,759,16.91,973
1/11/2017,52.25,55.11,1300,732.79,118.01,1290,1830,4330,3.4,4.11,1178.55,748,16.64,977
1/12/2017,53.01,55.95,1300,745.72,118.01,1290,1990,4310,3.41,4.19,1205.05,758,16.81,981
1/13/2017,52.37,55.32,1300,743.74,118.01,1260,2050,4200,3.42,4.2,1190.35,746,16.76,971
1/16/2017,52.37,55.52,1300,742.37,118.01,1310,2000,4270,3.42,4.2,1190.35,745,16.76,984
1/17/2017,52.48,55.98,1300,748.54,118.01,1310,2000,4240,3.49,4.28,1216.05,759,17.1,988
1/18/2017,51.08,55.26,1300,748.53,123.83,1310,2040,3930,3.48,4.25,1214.75,743,17.27,968
1/19/2017,51.37,54.31,1300,742.81,123.83,1320,2020,4260,3.49,4.14,1196.05,751,16.88,956
1/20/2017,53.22,55.69,1300,747.5,123.83,1310,2030,4290,3.51,4.18,1200.55,761,17.01,963
1/23/2017,51.97,55.47,1300,752.26,123.83,1320,2190,4310,3.51,4.25,1212.85,787,17.19,981
1/24/2017,52.56,55.8,1300,752.83,123.83,1330,2300,4130,3.45,4.19,1216.8,785,17.19,986
1/25/2017,52.25,55.54,1300,751.95,123.83,1330,2180,4080,3.48,4.16,1195,762,16.99,993
1/26/2017,53.78,56.49,1300,746.8,123.83,1330,2180,4160,3.46,4.19,1189.7,717,16.72,972
1/27/2017,53.17,55.46,1300,749.39,123.83,1320,2180,4250,3.45,4.15,1184.85,722,17.07,965
1/30/2017,52.63,55.39,1300,748.36,123.83,1310,2190,4270,3.45,4.1,1192.8,730,17.13,979
1/31/2017,52.81,56.15,1300,756.5,123.83,1310,2070,4480,3.43,4.16,1212.8,756,17.54,991
2/1/2017,53.88,56.63,1300,753.13,123.83,1170,2040,4360,3.51,4.31,1203.65,759,17.46,994
2/2/2017,53.54,57.04,1300,756.49,123.83,1240,2090,3990,3.5,4.34,1221.95,767,17.55,1004
2/3/2017,53.83,57.04,1300,755.27,123.83,1360,2100,4340,3.48,4.3,1215.2,747,17.51,992
2/6/2017,53.01,56.23,1300,751.78,123.83,1460,2290,4320,3.47,4.23,1226.75,768,17.66,1012
2/7/2017,52.17,55.02,1300,748.14,123.83,1400,2150,4230,3.52,4.3,1231,768,17.74,1007
2/8/2017,52.34,55.47,1300,749.49,123.83,1360,2130,4180,3.54,4.32,1242.1,769,17.83,1016
2/9/2017,53,55.56,1300,746.51,123.83,1310,2120,4370,3.51,4.43,1236.8,777,17.7,1019
2/10/2017,53.86,56.89,1300,743.64,123.83,1340,2150,4510,3.56,4.49,1228.3,781,17.98,993
2/13/2017,52.93,55.64,1300,742.38,123.83,1370,2070,4450,3.57,4.52,1222.25,778,17.85,999
2/14/2017,53.2,56.3,1300,739.48,123.83,1330,2010,4450,3.55,4.49,1230.75,782,17.89,1004
2/15/2017,53.11,55.91,1300,740.14,123.83,1310,2010,4280,3.6,4.54,1224.4,783,17.96,992
2/16/2017,53.36,55.45,1300,746.98,123.83,1320,1970,4460,3.54,4.47,1240.55,791,18.09,1013
2/17/2017,53.4,55.49,1300,744.07,123.83,1390,2130,4530,3.49,4.41,1241.95,793,18.06,1010
2/20/2017,53.4,56.25,1300,743.44,123.83,1380,2190,4260,3.49,4.41,1241.95,777,18.06,1002
2/21/2017,54.33,57.06,1300,737.58,123.83,1370,2190,4350,3.5,4.36,1233.2,767,18.04,988
2/22/2017,53.59,55.78,1300,738.04,123.83,1370,2100,4280,3.52,4.41,1236.65,774,17.95,999
2/23/2017,54.45,56.73,1300,741.44,123.83,1350,2130,4360,3.47,4.38,1247.9,779,18.13,1014
2/24/2017,53.99,56.07,1300,739.83,123.83,1360,2030,4220,3.45,4.31,1253.65,786,18.38,1027
2/27/2017,54.05,56.14,1300,742.88,123.83,1320,2010,4140,3.42,4.22,1257.25,784,18.47,1033
2/28/2017,54.01,55.22,1300,743.81,123.83,1340,2000,4430,3.5,4.26,1255.6,781,18.44,1029
3/1/2017,53.83,56.69,1300,738.92,123.83,1270,2040,4600,3.57,4.4,1240.4,775,18.43,1015
3/2/2017,52.61,55.5,1300,736.86,123.83,1270,2040,4600,3.55,4.36,1238.14,774,18.03,1001
3/3/2017,53.33,55.67,1300,739.36,123.83,1380,2110,4630,3.56,4.37,1226.5,756,17.7,987
3/6/2017,53.2,56.03,1300,741.86,123.83,1410,2210,4680,3.54,4.42,1230.95,771,17.78,985
3/7/2017,52.69,56.07,1300,740.6,176.53,1340,2070,4720,3.53,4.43,1216.65,770,17.54,966
3/8/2017,49.83,55.08,1300,738.89,176.53,1390,2080,4650,3.49,4.34,1209.2,766,17.29,952
3/9/2017,48.83,52.01,1300,740.69,176.53,1360,1970,4340,3.43,4.31,1206.55,754,17.1,944
3/10/2017,48.04,51.88,1300,745.95,176.53,1380,2070,4510,3.44,4.27,1202.65,752,16.93,942
3/13/2017,47.95,51.53,1300,746.86,154.53,1370,2090,4510,3.34,4.17,1204.2,750,17.01,937
3/14/2017,47.27,50.53,1300,745.16,165.11,1370,1990,4440,3.34,4.17,1204.6,747,17.01,937
3/15/2017,48.41,51.69,1300,744.11,154.53,1360,2010,4670,3.34,4.17,1198.8,744,16.88,933
3/16/2017,48.3,51.62,1300,751.57,140.38,1330,2020,4660,3.36,4.23,1229.35,769,17.34,956
3/17/2017,48.33,51.77,1300,751.9,140.38,1380,2090,4480,3.38,4.23,1229.6,778,17.35,960
3/20/2017,47.77,51.84,1300,752.75,144.44,1350,2060,4320,3.35,4.18,1232.4,777,17.43,962
3/21/2017,47.49,51.17,1300,756.73,157.88,1350,2050,4270,3.34,4.15,1241.6,788,17.56,973
3/22/2017,47.34,50.31,1300,756.1,149.52,1300,2000,4230,3.32,4.12,1249.05,793,17.57,967
3/23/2017,47,50.74,1300,755.13,149.52,1300,1880,4340,3.31,4.11,1247.5,803,17.61,963
3/24/2017,47.27,50.67,1300,756.39,149.52,1340,1970,4430,3.31,4.15,1247.5,816,17.73,964
3/27/2017,47.03,50.85,1300,761.92,149.52,1340,1940,4440,3.31,4.11,1257.55,803,18.06,977
3/28/2017,48.37,51.63,1300,760.71,149.52,1290,2030,4540,3.32,4.16,1257.25,787,18.2,964
3/29/2017,49.51,52.19,1300,752.49,138.07,1240,2030,4610,3.32,4.17,1251.1,788,18.21,953
3/30/2017,50.35,52.98,1300,751.48,138.07,1260,2030,4780,3.32,4.13,1248.8,796,18.25,954
3/31/2017,50.6,52.62,1300,748.66,138.07,1340,2100,4650,3.39,4.18,1244.85,798,18.2,940
4/3/2017,50.24,53.22,1300,745.69,138.07,1340,2230,4530,3.44,4.19,1247.25,797,18.25,948
4/4/2017,51.03,54.13,1300,746.45,138.07,1350,2180,4460,3.39,4.18,1257.65,806,18.32,958
4/5/2017,51.15,54.42,1300,746.4,138.07,1410,2030,4670,3.41,4.21,1245.8,816,18.24,963
4/6/2017,51.7,54.74,1300,745.99,131.35,1410,2060,4470,3.38,4.15,1252.5,803,18.24,955
4/7/2017,52.24,55.19,1300,743.18,131.35,1420,2160,4380,3.36,4.16,1266.45,806,18.38,967
4/10/2017,53.08,55.93,1300,741.93,133.93,1420,2130,4430,3.43,4.2,1250.05,790,17.93,940
4/11/2017,53.4,55.71,1300,743.97,133.93,1420,2080,4460,3.43,4.25,1252.9,791,18.27,943
4/12/2017,53.11,56.03,1300,743.37,133.93,1410,2150,4470,3.46,4.25,1274.3,794,18.31,962
4/13/2017,53.18,55.98,1300,743.81,148.32,1360,2220,4570,3.48,4.22,1284.15,807,18.47,975
4/14/2017,53.18,55.98,1300,743.81,148.32,1360,2220,4570,3.48,4.22,1284.15,807,18.47,975
4/17/2017,52.65,55.98,1300,746.48,148.32,1360,2220,4570,3.44,4.13,1289.5,807,18.51,975
4/18/2017,52.41,55.02,1300,748.87,133.7,1390,2360,4470,3.4,4.15,1278.95,789,18.26,985
4/19/2017,50.44,54.51,1300,750.03,133.7,1420,2230,4620,3.4,4.13,1279.05,779,18.13,979
4/20/2017,50.71,53.03,1300,753.64,133.7,1410,2120,4560,3.36,3.99,1282.1,794,17.9,976
4/21/2017,49.29,51.91,1300,748.16,133.7,1420,1970,4540,3.36,3.98,1281.85,803,17.86,979
4/24/2017,48.9,51.67,1300,760.34,133.7,1410,1970,4600,3.38,3.96,1269.4,795,17.88,955
4/25/2017,49.22,51.59,1300,764.82,133.7,1410,1950,4550,3.44,4.02,1267.8,795,17.7,954
4/26/2017,49.24,52.3,1300,761.35,129.92,1360,1970,4470,3.38,4.01,1261.85,799,17.44,949
4/27/2017,48.97,50.66,1300,760.68,129.92,1360,1950,4520,3.42,4.22,1262.8,810,17.3,944
4/28/2017,49.33,51.56,1300,762.26,129.92,1430,2040,4500,3.38,4.27,1266.45,824,17.2,946
5/1/2017,48.84,51.56,1300,764.22,129.92,1430,2040,4500,3.51,4.43,1267.7,824,17.01,946
5/2/2017,47.66,51.21,1300,763.13,128.36,1430,2050,4210,3.46,4.33,1255.45,819,16.83,924
5/3/2017,47.82,50.38,1300,763.55,122.07,1310,2080,4220,3.49,4.32,1250.3,801,16.53,911
5/4/2017,45.52,49.13,1300,766.26,122.07,1340,2060,4390,3.4,4.14,1228.45,796,16.26,897
5/5/2017,46.22,49.28,1300,769.12,122.07,1460,2120,4440,3.45,4.19,1228.05,809,16.3,909
5/8/2017,46.43,48.64,1300,765.23,130.7,1450,2240,4470,3.4,4.15,1229.8,819,16.24,912
5/9/2017,45.88,48.91,1300,762.37,133.36,1370,2240,4610,3.4,4.11,1220.4,798,16.11,903
5/10/2017,47.33,50.08,1300,760.86,133.36,1330,2100,4180,3.48,4.13,1222.95,801,16.22,906
5/11/2017,47.83,50.95,1300,760.77,133.36,1340,2060,4000,3.44,4.15,1223.15,804,16.23,911
5/12/2017,47.84,50.63,1300,764.59,133.36,1420,2150,4310,3.45,4.15,1231.25,808,16.41,922
5/15/2017,48.85,52.2,1300,768.5,114.73,1370,2140,4540,3.45,4.28,1233.3,818,16.65,937
5/16/2017,48.66,51.96,1300,775.84,114.73,1380,2160,4620,3.45,4.1,1234.2,804,16.72,939
5/17/2017,49.07,52.51,1300,780.26,121.25,1360,2170,4570,3.48,4.13,1257.4,781,16.88,944
5/18/2017,49.35,52.55,1300,778.87,121.25,1350,2130,4470,3.43,4.12,1255.9,765,16.69,934
5/19/2017,50.33,53.58,1300,783.66,121.25,1420,2140,4510,3.49,4.23,1252,770,16.75,943
5/22/2017,50.78,54.02,1300,787.41,152.77,1460,2310,4660,3.52,4.22,1258.85,753,17.15,939
5/23/2017,51.12,54.07,1300,786.07,152.77,1430,2230,4630,3.47,4.18,1260.2,776,17.09,954
5/24/2017,51.06,54.18,1300,782.88,148.16,1360,2210,4670,3.49,4.2,1252.55,761,17.07,940
5/25/2017,48.7,51.47,1300,784.91,152.87,1360,2200,4460,3.47,4.18,1256.95,767,17.18,950
5/26/2017,49.8,51.47,1300,782.84,152.87,1370,2260,4300,3.52,4.26,1265.05,780,17.29,961
5/29/2017,49.8,51.47,1300,782.39,152.87,1370,2260,4300,3.52,4.26,1265.05,780,17.29,961
5/30/2017,49.66,51.35,1300,782.42,147.52,1370,2140,4610,3.44,4.18,1262.7,797,17.38,941
5/31/2017,48.32,50.01,1300,787.14,144.25,1370,2050,4540,3.49,4.17,1266.2,814,17.35,947
6/1/2017,48.36,51.34,1300,785.81,144.25,1390,2100,4540,3.47,4.17,1264.85,823,17.19,931
6/2/2017,47.66,49.91,1300,789.28,144.25,1460,2130,4710,3.5,4.39,1274.95,837,17.51,932
6/5/2017,47.4,49.22,1300,787.68,144.25,1500,2290,4460,3.5,4.4,1279.95,841,17.54,950
6/6/2017,48.19,49.28,1300,788.55,144.25,1490,2300,4570,3.51,4.48,1293.5,854,17.71,960
6/7/2017,45.72,48.47,1300,788.37,144.25,1410,2190,4580,3.59,4.57,1291,843,17.63,949
6/8/2017,45.64,48,1300,785.54,162.34,1390,2170,4640,3.61,4.6,1273.1,855,17.45,945
6/9/2017,45.83,48.36,1300,782.87,162.34,1410,2110,4950,3.64,4.56,1266.55,896,17.21,939
6/12/2017,46.08,48.83,1300,784.1,173.27,1270,1990,4890,3.53,4.48,1266.4,898,16.93,944
6/13/2017,46.46,48.22,1300,784.47,173.27,1320,1970,4840,3.57,4.57,1262,886,16.8,929
6/14/2017,44.73,46.92,1300,789.51,173.27,1320,2020,4760,3.53,4.58,1275.5,891,17.17,942
6/15/2017,44.46,46.98,1300,780.53,173.27,1320,2010,4570,3.56,4.68,1254.55,861,16.73,921
6/16/2017,44.74,47.25,1300,783.88,166.75,1370,1950,4630,3.61,4.81,1255.4,869,16.67,923
6/19/2017,44.2,47.43,1300,781.74,164.23,1270,1930,4700,3.51,4.83,1248.15,871,16.55,918
6/20/2017,43.51,45.68,1300,778.84,175.79,1270,2000,4760,3.47,4.88,1242.2,863,16.44,921
6/21/2017,42.34,45.85,1300,780,175.79,1280,2060,4870,3.46,4.79,1242.5,882,16.39,917
6/22/2017,42.59,45.78,1300,781.03,175.79,1280,2040,4910,3.41,4.75,1250.8,889,16.57,933
6/23/2017,42.83,45.65,1300,783.99,175.79,1350,2040,4850,3.33,4.73,1255.7,886,16.69,927
6/26/2017,43.38,45.54,1300,784.14,175.79,1470,2140,4910,3.35,4.64,1245.25,862,16.58,922
6/27/2017,44.24,46.92,1300,790.06,175.79,1360,2150,4900,3.36,4.67,1249.55,865,16.59,920
6/28/2017,44.74,47.17,1300,795.43,175.79,1360,2150,4880,3.35,4.7,1248,858,16.8,921
6/29/2017,44.93,47.74,1300,799.84,175.79,1350,2070,4580,3.38,4.91,1243.5,851,16.64,910
6/30/2017,47.07,47.82,1300,798.38,175.79,1460,2030,4540,3.51,5.3,1242.25,841,16.63,922
7/3/2017,47.07,49.58,1300,795.74,197.67,1460,2040,4570,3.56,5.59,1229.25,838,16.11,911
7/4/2017,47.07,49.81,1300,794.63,197.67,1450,2090,4450,3.56,5.59,1229.25,853,16.11,908
7/5/2017,45.13,48.12,1300,793.03,197.67,1390,2090,4410,3.59,5.64,1220.3,841,15.96,901
7/6/2017,45.52,49.1,1300,798.35,197.67,1370,2070,4470,3.57,5.43,1224.9,835,15.94,905
7/7/2017,44.23,46.94,1300,797.35,197.67,1460,2010,4610,3.6,5.39,1215.65,834,15.39,911
7/10/2017,44.4,47.3,1300,797.18,197.67,1440,2060,4720,3.69,5.53,1211.9,830,15.56,895
7/11/2017,45.04,47.17,1300,799.34,197.67,1400,2050,4760,3.67,5.56,1211.05,839,15.7,891
7/12/2017,45.49,47.77,1300,799.34,197.67,1410,2150,4970,3.67,5.56,1218.8,866,15.9,919
7/13/2017,46.08,48.52,1300,798.29,197.67,1400,2130,5030,3.37,5.14,1218.9,869,15.71,914
7/14/2017,46.54,48.69,1300,801.33,217.01,1410,2060,4620,3.43,5.13,1230.3,860,15.89,918
7/17/2017,46.02,48.9,1300,802.96,211.27,1420,2050,5010,3.43,5.08,1234.1,858,16.08,927
7/18/2017,46.4,48.76,1300,810.67,211.27,1390,2020,5090,3.45,5.05,1240.75,867,16.26,927
7/19/2017,47.12,49.57,1300,806.28,211.27,1390,1920,5030,3.45,5.05,1242.15,870,16.27,925
7/20/2017,46.92,49.62,1300,814.37,211.27,1370,2020,4750,3.59,5.08,1238.7,849,16.33,918
7/21/2017,45.63,48.69,1300,816.02,211.27,1390,2010,4460,3.5,5.01,1248.55,852,16.43,937
7/24/2017,46.21,48.67,1300,815.07,211.27,1400,1910,4560,3.47,4.91,1255.55,847,16.48,937
7/25/2017,47.74,50.03,1300,816.35,211.27,1390,1910,4850,3.39,4.76,1254.4,860,16.48,926
7/26/2017,48.75,50.76,1300,814.13,211.27,1390,1900,4750,3.39,4.8,1248.1,860,16.42,920
7/27/2017,49.04,51.32,1300,816.61,211.27,1390,1990,4940,3.44,4.82,1261.1,879,16.59,931
7/28/2017,49.71,52.51,1300,822.27,211.27,1440,2010,4710,3.44,4.84,1264.9,875,16.68,927
7/31/2017,50.17,52.49,1300,825.3,211.27,1390,1820,4210,3.41,4.77,1267.55,894,16.82,938
8/1/2017,49.16,51.29,1300,826.68,211.27,1390,1840,4440,3.33,4.64,1270.95,894,16.73,941
8/2/2017,49.59,52.24,1300,829.96,211.27,1320,1860,4470,3.35,4.63,1269.6,900,16.72,940
8/3/2017,49.03,52.89,1300,831.53,211.27,1320,1920,4530,3.34,4.6,1268.1,895,16.61,956
8/4/2017,49.58,52.48,1300,822.63,211.27,1370,2030,4380,3.38,4.57,1257.7,884,16.28,966
8/7/2017,49.39,51.64,1300,825.69,211.27,1360,2010,4350,3.44,4.65,1258,872,16.25,966
8/8/2017,49.17,52.55,1300,821.59,211.27,1360,1990,4740,3.42,4.6,1261.8,894,16.35,972
8/9/2017,49.56,52.3,1300,821.93,211.27,1360,1990,4740,3.44,4.63,1271.05,899,16.86,979
8/10/2017,48.59,52.64,1300,822.44,211.27,1320,2060,4600,3.3,4.43,1284.4,904,17.08,982
8/11/2017,48.82,51.82,1300,825.41,211.27,1340,2090,4720,3.34,4.42,1286.1,898,17.06,984
8/14/2017,47.59,51.84,1300,824.81,211.27,1300,1970,4500,3.36,4.44,1282.3,902,17.11,968
8/15/2017,47.55,50.55,1300,820.3,211.27,1300,1970,4500,3.28,4.27,1270.3,887,16.67,952
8/16/2017,46.78,50.89,1300,819.28,211.27,1300,1930,4430,3.27,4.17,1272.75,896,16.97,963
8/17/2017,47.09,50.72,1300,822,211.27,1290,1920,4560,3.26,4.12,1285.15,927,17.05,975
8/18/2017,48.51,51.26,1300,822.53,211.27,1420,2000,4480,3.27,4.14,1295.8,932,17.05,985
8/21/2017,47.37,51.94,1300,827.22,211.27,1320,1930,4450,3.24,4.14,1292.9,934,17.02,982
8/22/2017,47.83,52.12,1300,823.49,192.83,1320,1930,4450,3.21,4.02,1284.2,934,17.02,974
8/23/2017,48.41,52.42,1300,827.04,192.83,1310,1990,4320,3.18,4.03,1286.65,935,17.02,979
8/24/2017,47.21,52.18,1300,826.33,192.83,1310,1970,4360,3.2,4.11,1289,940,16.99,977
8/25/2017,47.67,52.32,1300,831.04,192.83,1310,1970,4360,3.16,4.12,1285.3,930,17.07,975
8/28/2017,46.57,52.32,1300,836.88,171.51,1310,1970,4360,3.1,4.05,1299,930,17.38,975
8/29/2017,46.44,51.82,1300,841.8,171.51,1420,2060,4450,3.11,4.07,1318.65,941,17.56,1001
8/30/2017,45.96,51.8,1300,834.09,171.51,1420,2090,4090,3.08,4.09,1308.5,936,17.43,989
8/31/2017,47.23,52.31,1300,832.22,169.93,1370,2070,4450,3.2,4.14,1311.75,935,17.57,986
9/1/2017,47.29,52.81,1300,831.54,169.93,1330,2070,4260,3.17,4.19,1320.4,946,17.71,999
9/4/2017,47.29,52.55,1300,833.81,169.93,1330,2050,4270,3.17,4.19,1320.4,976,17.71,1007
9/5/2017,48.66,53.63,1300,834.58,169.93,1310,2000,4230,3.23,4.24,1335.55,984,17.93,1006
9/6/2017,49.16,54.28,1300,835.67,169.93,1290,1930,4290,3.24,4.28,1337.85,957,17.99,1011
9/7/2017,49.09,54.08,1300,840.52,139.79,1220,1950,4650,3.16,4.2,1343.5,945,18.08,1007
9/8/2017,47.48,54.2,1300,841.44,139.79,1350,2010,4700,3.18,4.21,1346.25,942,18.06,1014
9/11/2017,48.07,53.64,1300,838.82,126.44,1370,1990,4280,3.19,4.17,1334.2,936,17.88,994
9/12/2017,48.23,54.45,1300,836.7,126.44,1370,1940,4300,3.14,4.25,1326.5,946,17.84,981
9/13/2017,49.3,55.04,1300,834.18,130.9,1370,1970,4320,3.14,4.26,1327.55,947,17.72,982
9/14/2017,49.89,55.91,1300,831.1,130.9,1370,2000,4090,3.13,4.36,1324.55,933,17.71,980
9/15/2017,49.89,55.81,1300,837.47,130.9,1360,2000,4310,3.11,4.42,1322.85,924,17.68,976
9/18/2017,49.91,54.95,1300,836.81,123.39,1350,2030,4330,3.06,4.31,1312.1,931,17.2,960
9/19/2017,49.48,55.45,1300,838.52,118.43,1360,1980,4340,3.11,4.31,1309.6,915,17.28,950
9/20/2017,50.69,56.3,1300,839.7,107.5,1360,1970,4490,3.12,4.37,1311.3,907,17.29,945
9/21/2017,50.55,56.31,1300,834.58,122.22,1360,1960,4220,3.12,4.41,1292.1,916,17.02,933
9/22/2017,50.28,56.81,1300,837.85,122.22,1380,2030,4510,3.17,4.38,1294.8,916,16.97,935
9/25/2017,51.93,58.51,1300,830.8,114.93,1430,2050,4550,3.17,4.37,1293.3,917,17.03,927
9/26/2017,51.88,58.51,1300,823.68,99.02,1430,2030,4430,3.15,4.36,1300.05,915,16.88,927
9/27/2017,52.14,58.04,1300,821.22,107.14,1340,1970,4380,3.18,4.43,1282.55,917,16.79,917
9/28/2017,51.56,57.86,1300,824.96,101.13,1340,1940,4750,3.17,4.35,1283.35,928,16.77,918
9/29/2017,51.67,57.57,1300,827.54,98.13,1330,1940,4500,3.19,4.18,1283.1,935,16.76,920
10/2/2017,50.58,55.75,1300,821.49,98.13,1350,1960,4480,3.17,3.89,1273.7,935,16.65,912
10/3/2017,50.42,56.2,1300,822.81,111.33,1350,1940,4140,3.15,3.93,1271.25,910,16.64,907
10/4/2017,49.98,56.07,1300,823.27,99.68,1320,1960,4460,3.13,3.94,1274.25,919,16.63,912
10/5/2017,50.79,57.14,1300,820.02,99.68,1330,1950,4620,3.14,4.06,1274.5,930,16.67,912
10/6/2017,49.29,55.38,1300,821.25,99.68,1280,1990,4400,3.14,4.14,1261.8,943,16.82,911
10/9/2017,49.58,55.6,1300,821.65,105.49,1280,2020,4490,3.14,4.19,1278.75,926,16.9,914
10/10/2017,50.92,56.82,1300,827.17,105.49,1290,2060,4450,3.14,4.18,1291.4,942,17.18,925
10/11/2017,51.3,56.36,1300,829.01,105.49,1290,2050,4380,3.11,4.21,1289.25,945,17.12,929
10/12/2017,50.6,56.31,1300,829.23,86.1,1230,1860,4440,3.13,4.18,1290.25,981,17.19,936
10/13/2017,51.45,57.16,1300,828.48,87.18,1300,1910,4430,3.16,4.28,1299.6,996,17.33,941
10/16/2017,51.87,57.83,1300,825.81,89.2,1350,1980,4460,3.16,4.24,1303.3,1006,17.4,945
10/17/2017,51.88,57.63,1300,822.66,89.76,1350,1980,4450,3.15,4.22,1284.75,985,16.98,928
10/18/2017,52.04,57.87,1300,824.32,85.74,1340,1980,4410,3.14,4.18,1280.2,973,17,922
10/19/2017,51.29,57.64,1300,829.77,90.16,1370,1960,4410,3.14,4.2,1286.4,951,17.23,921
10/20/2017,51.84,57.72,1300,825.09,93.13,1450,1990,4540,3.11,4.14,1281.2,976,17,919
10/23/2017,51.9,57.67,1300,822.09,94.59,1310,1990,4470,3.18,4.24,1274.9,965,16.98,913
10/24/2017,52.26,57.74,1300,823.27,92.04,1310,1930,4470,3.19,4.26,1276.45,963,16.93,922
10/25/2017,51.92,58.39,1300,826.73,92.04,1310,1930,4510,3.19,4.24,1275,973,16.92,916
10/26/2017,52.64,58.69,1300,819.25,92.04,1310,1940,4420,3.17,4.24,1273.75,970,16.91,927
10/27/2017,53.9,60.27,1300,810.77,92.04,1330,1980,4420,3.15,4.22,1266.45,972,16.72,917
10/30/2017,54.15,60.44,1300,813.94,92.04,1310,2070,4390,3.16,4.2,1272,968,16.78,918
10/31/2017,54.38,61.12,1300,815.46,1.18,1310,2050,4370,3.13,4.13,1270.15,977,16.67,915
11/1/2017,54.3,60.75,1300,813.18,1.07,1280,2020,4170,3.15,4.15,1277.05,1002,17.1,931
11/2/2017,54.54,60.56,1300,817.14,1.07,1300,1970,4130,3.18,4.34,1279.2,1002,17.13,931
11/3/2017,55.64,61.32,1300,813.24,1.07,1400,2030,4300,3.15,4.33,1267.2,995,16.83,922
11/6/2017,57.35,63.76,1300,811.02,1.24,1390,2040,4340,3.15,4.38,1270.9,994,17.19,919
11/7/2017,57.2,63.82,1300,810.36,1.16,1390,2070,3990,3.17,4.37,1275.6,1000,16.96,926
11/8/2017,56.81,63.72,1300,810.98,1.16,1390,2100,4070,3.17,4.38,1284,1005.5,17.19,928
11/9/2017,57.17,64.18,1300,813.76,1.16,1390,1950,4040,3.12,4.38,1284.8,1016,16.98,934
11/10/2017,56.74,64.2,1300,816.37,1.16,1370,1980,4200,3.1,4.42,1284.3,1000,16.87,937
11/13/2017,56.76,63.52,1300,816.49,1.28,1380,1930,4160,3.1,4.35,1277.95,993,17.01,933
11/14/2017,55.7,61.65,1300,822.82,1.36,1290,1860,4370,3.1,4.39,1274.6,987,17.02,926
11/15/2017,55.33,62.02,1300,826.06,1.36,1310,1920,4110,3.1,4.31,1282.2,981,17.01,937
11/16/2017,55.14,61.87,1300,824.05,1.49,1330,1970,4230,3.1,4.32,1280,983,17.09,931
11/17/2017,56.57,62.5,1300,824.78,1.49,1360,1970,4220,3.17,4.38,1284.35,997,17.15,937
11/20/2017,56.42,61.98,1300,822.43,1.42,1440,1990,4400,3.19,4.33,1286.2,1000,16.93,935
11/21/2017,56.83,62.45,1300,820.79,1.47,1360,1970,4330,3.19,4.35,1283.3,994,17.01,927
11/22/2017,58.01,63.05,1300,825.05,1.47,1370,1940,4310,3.19,4.38,1286.95,1001,17.14,938
11/23/2017,58.01,63.4,1300,828.98,1.47,1360,1980,4530,3.19,4.38,1286.95,1005,17.14,933
11/24/2017,58.94,63.55,1300,835.57,1.47,1360,1980,4530,3.19,4.28,1290.5,1001,17.01,935
11/27/2017,58.11,63.33,1300,834.33,1.47,1300,1940,4430,3.13,4.22,1294.9,1003,17.07,948
11/28/2017,57.99,63.62,1300,830.76,1.67,1290,1940,4340,3.1,4.23,1291.85,1012,16.86,955
11/29/2017,57.3,63.35,1300,829.54,1.67,1270,1910,4190,3.12,4.33,1283.85,1014,16.6,945
11/30/2017,57.4,63.8,1300,834.65,1.67,1270,1910,4190,3.14,4.3,1280.2,1010,16.33,940
12/1/2017,58.36,64.04,1300,830.64,1.67,1370,2000,4380,3.27,4.38,1275.5,1016,16.41,934
12/4/2017,57.47,62.92,1300,829.49,1.67,1330,1990,4430,3.2,4.36,1273.45,1015,16.27,928
12/5/2017,57.51,62.78,1300,828.24,1.52,1230,1960,4480,3.21,4.36,1266.3,992,16.06,918
12/6/2017,55.81,61.65,1300,825.23,1.52,1340,2000,4610,3.21,4.3,1263.7,997,15.93,907
12/7/2017,56.54,62.02,1300,825.3,1.52,1360,2090,4590,3.2,4.26,1255,1013,15.75,900
12/8/2017,57.21,63.33,1300,822.6,1.52,1350,1980,4480,3.21,4.24,1250.65,1009,15.76,892
12/11/2017,57.99,64.5,1300,825.67,1.52,1410,2060,4600,3.17,4.17,1247.15,1007,15.75,884
12/12/2017,57.14,64.02,1300,821.07,1.52,1410,1960,4640,3.16,4.14,1240.9,1006,15.63,883
12/13/2017,56.6,62.74,1300,823.02,1.52,1410,2040,4900,3.18,4.2,1242.65,1008,15.74,877
12/14/2017,57.04,63.22,1300,824.29,1.69,1410,2030,4860,3.17,4.22,1251,1020,15.84,879
12/15/2017,57.3,63.46,1300,823.54,1.69,1500,1960,4810,3.16,4.23,1254.6,1028,16.02,882
12/18/2017,57.16,63.63,1300,826.89,1.69,1330,2030,4760,3.19,4.26,1260.6,1015,16.13,902
12/19/2017,57.56,63.52,1300,826.7,1.69,1290,2030,4730,3.19,4.24,1260.35,1016,16.08,914
12/20/2017,58.06,64.48,1300,831.77,1.69,1320,1950,4790,3.2,4.28,1264.55,1031,16.21,920
12/21/2017,58.32,64.64,1300,830.18,1.69,1310,1970,4750,3.22,4.32,1264.55,1033,16.2,917
12/22/2017,58.12,64.9,1300,828.4,1.69,1300,2000,4520,3.22,4.29,1268.05,1028,16.41,912
12/25/2017,58.12,64.9,1300,828.4,1.69,1300,2000,4520,3.22,4.29,1268.05,1028,16.41,912
12/26/2017,59.97,64.9,1300,830.57,1.69,1300,2000,4520,3.24,4.26,1283,1028,16.53,912
12/27/2017,59.64,66.41,1300,832.54,1.25,1300,2070,4510,3.25,4.33,1279.4,1055,16.69,919
12/28/2017,59.84,66.68,1300,835.67,1.25,1270,1990,4110,3.23,4.33,1291,1057,16.84,925
12/29/2017,60.42,66.61,1300,840.54,1.25,1310,2080,4290,3.23,4.32,1296.5,1056,17.01,927
1/1/2018,60.42,66.61,1300,840.54,1.25,1310,2080,4290,3.23,4.32,1296.5,1056,17.01,927
1/2/2018,60.37,66.35,1300,843.15,1.33,1310,2110,4330,3.27,4.38,1312.05,1087,17.15,936
1/3/2018,61.63,67.5,1300,841.62,1.11,1310,2110,4330,3.27,4.42,1314.9,1086,17.18,951
1/4/2018,62.01,68.05,1300,845.3,1.11,1310,2110,4330,3.25,4.4,1314.5,1100,17.2,959
1/5/2018,61.44,67.58,1300,842.55,1.11,1440,2080,4150,3.25,4.36,1317.15,1095,17.25,966
1/8/2018,61.73,67.67,1300,838.35,1.11,1350,2000,4260,3.21,4.33,1319.95,1090,17.03,971
1/9/2018,62.96,68.33,1300,835.1,1.11,1330,1930,4210,3.23,4.38,1311,1108,16.95,971
1/10/2018,63.57,69.24,1300,838.7,1.11,1330,2010,3900,3.25,4.4,1319.75,1095,16.97,970
1/11/2018,63.8,69.96,1300,843.25,1.11,1240,2050,3800,3.25,4.39,1323.05,1078,16.97,981
1/12/2018,64.3,69.24,1300,850.24,1.11,1210,1980,3820,3.21,4.25,1326.8,1098,17.08,991
1/15/2018,64.3,70.06,1300,859.12,1.11,1210,1980,3820,3.21,4.25,1326.8,1129,17.08,1002
1/16/2018,63.73,69.45,1300,856.14,1.11,1380,1990,3950,3.23,4.21,1333.85,1105,17.13,994.5
1/17/2018,63.97,69.26,1300,856.97,1.11,1390,1980,4250,3.28,4.26,1335.65,1104,17.07,1002
1/18/2018,63.95,69.37,1300,856.77,1.11,1390,2040,4340,3.27,4.3,1332.2,1107,17.02,1003
1/19/2018,63.37,68.59,1300,855.71,1.11,1460,1990,4390,3.3,4.27,1334.95,1112,16.99,1011
1/22/2018,63.57,69.47,1300,857.6,1.11,1430,2010,4310,3.3,4.3,1332.6,1092,16.98,1017
1/23/2018,64.54,70.01,1300,860.47,1.47,1400,2020,4370,3.29,4.27,1333.4,1087,16.89,998
1/24/2018,65.74,69.99,1300,866.78,1.47,1280,2080,4360,3.35,4.39,1353.7,1099,17.39,1016
1/25/2018,65.62,70.77,1300,875.23,1.47,1300,2130,4300,3.33,4.4,1354.95,1100,17.56,1020
1/26/2018,66.21,70.43,1300,870.35,1.47,1370,2110,4440,3.34,4.47,1353.15,1087,17.39,1017
1/29/2018,65.71,69.26,1300,864.98,1.47,1500,2140,4500,3.37,4.55,1343.85,1085,17.09,1011
1/30/2018,64.65,68.63,1300,868.82,1.48,1590,2160,4920,3.42,4.63,1344.9,1083,17.09,1004
1/31/2018,64.85,68.63,1300,872.05,1.48,1570,2150,4760,3.42,4.58,1345.05,1051,17.23,1003
2/1/2018,65.92,69.1,1300,872.93,1.48,1510,2150,4720,3.41,4.58,1341.35,1039,17.13,996
2/2/2018,65.57,68.24,1300,870.63,1.48,1450,2090,4810,3.4,4.54,1331.15,1047,16.68,997
2/5/2018,64.27,68.44,1300,869.36,1.73,1440,2140,4710,3.37,4.48,1333.6,1041,16.77,995
2/6/2018,63.51,67.03,1300,864.1,1.73,1440,2210,4720,3.41,4.54,1331.4,1014,16.63,987
2/7/2018,61.91,65.99,1300,860.55,1.73,1510,2320,4730,3.43,4.69,1324.65,994,16.38,981
2/8/2018,61.27,64.59,1300,858.01,1.73,1410,2220,4560,3.44,4.64,1315.45,985,16.35,975
2/9/2018,59.32,63.42,1300,857.42,1.73,1530,2240,4510,3.38,4.57,1314.1,969,16.25,969
2/12/2018,59.41,63.2,1300,859.35,1.59,1420,2180,4500,3.45,4.72,1322.3,985,16.51,965
2/13/2018,59.31,62.24,1300,864.95,1.59,1310,1950,4470,3.46,4.68,1325.35,993,16.54,969
2/14/2018,60.72,63.19,1300,868.44,1.59,1320,1990,4560,3.52,4.63,1336.25,993,16.71,972
2/15/2018,61.46,63.76,1300,873.55,1.79,1330,2070,4470,3.46,4.69,1352.45,1017,16.71,999
2/16/2018,61.8,64.9,1300,871.36,1.79,1410,2090,4620,3.46,4.65,1352.1,1037,16.73,1005
2/19/2018,61.8,65.7,1300,867.73,1.79,1410,2060,4610,3.46,4.65,1352.1,1034,16.73,1007
2/20/2018,61.91,65.08,1300,863.88,1.64,1410,2050,4680,3.44,4.57,1339.85,1034,16.51,1000
2/21/2018,61.8,65.31,1300,862.4,1.64,1410,2160,4560,3.44,4.55,1330.5,1028,16.61,998
2/22/2018,62.74,66.37,1300,862.38,1.64,1350,1990,4560,3.45,4.58,1328.35,1033,16.64,990
2/23/2018,63.49,66.99,1300,860.82,1.64,1450,2060,4830,3.45,4.62,1327.95,1041,16.54,990
2/26/2018,63.83,67.69,1300,860.1,1.5,1430,2070,4680,3.47,4.72,1333.5,1062,16.57,997
2/27/2018,62.91,66.99,1300,856.72,1.5,1430,1970,4380,3.55,4.75,1325.75,1062,16.34,994
2/28/2018,61.59,65.7,1300,853.77,1.5,1430,2130,4250,3.55,4.96,1317.85,1041,16.43,979
3/1/2018,60.94,63.77,1300,852.53,1.5,1430,2010,4260,3.59,5.11,1307.75,1011,16.32,969
3/2/2018,61.2,63.91,1300,861.74,1.5,1430,2040,4530,3.58,4.99,1322.3,993,16.43,968
3/5/2018,62.52,65.58,1300,862.9,1.5,1450,2030,4510,3.6,5.08,1320.4,983,16.43,957
3/6/2018,62.55,65.47,1300,868,1.5,1500,2080,4450,3.61,5.06,1331.4,996,16.84,966
3/7/2018,61.1,65.29,1300,868.2,1.5,1500,2090,4500,3.59,4.96,1329.4,980,16.46,959
3/8/2018,60.07,64.07,1300,862.98,1.5,1500,2050,4580,3.66,4.98,1321,985,16.49,954
3/9/2018,61.99,65.44,1300,862.36,1.5,1550,2060,4610,3.63,4.88,1320.6,984,16.66,949
3/12/2018,61.31,64.88,1300,862.29,1.49,1510,2140,4560,3.61,4.89,1319.15,986,16.5,958
3/13/2018,60.66,64.5,1300,867.78,1.55,1420,2190,4300,3.58,4.85,1322.75,993,16.61,967
3/14/2018,60.91,64.7,1300,865.14,1.55,1370,2090,4530,3.55,4.64,1323.55,1007,16.56,964
3/15/2018,61.14,65.1,1300,862.41,1.55,1340,2090,4490,3.52,4.77,1318.75,987,16.41,959
3/16/2018,62.29,66.06,1300,859.55,1.55,1500,2170,4600,3.52,4.68,1310.1,987,16.28,950
3/19/2018,62.01,66.32,1300,863.1,1.46,1480,1950,4400,3.44,4.51,1312.4,999,16.34,956
3/20/2018,63.49,67.3,1300,859.01,1.26,1370,1920,4740,3.41,4.54,1311,982,16.18,945
3/21/2018,65.12,69.32,1300,858.72,1.26,1370,1940,4990,3.41,4.54,1321.35,988,16.48,947
3/22/2018,64.23,69.23,1300,861.59,1.26,1360,2030,5200,3.41,4.56,1329.15,984,16.4,950
3/23/2018,65.83,70.18,1300,865.2,1.26,1520,2150,5190,3.42,4.61,1346.6,986,16.59,954
3/26/2018,65.52,70.11,1300,870.98,1.26,1360,2080,4970,3.42,4.55,1352.4,976,16.75,950
3/27/2018,65.22,70.23,1300,867.62,1.25,1430,2080,5020,3.39,4.5,1341.45,980,16.55,949
3/28/2018,64.35,69.98,1300,864.57,1.08,1440,2080,5070,3.4,4.46,1332.45,977,16.31,939
3/29/2018,64.91,70.09,1300,860.88,1.08,1490,2150,4880,3.52,4.52,1323.85,970,16.32,936
3/30/2018,64.91,70.09,1300,860.88,1.08,1490,2150,4880,3.52,4.52,1323.85,970,16.32,936
4/2/2018,62.98,70.09,1300,861.68,1.33,1490,2150,4880,3.49,4.49,1335.25,970,16.6,936
4/3/2018,63.48,68.15,1300,859.17,1.22,1480,2140,4900,3.5,4.6,1333.45,946,16.42,927
4/4/2018,63.34,67.79,1300,860.95,1.22,1490,2210,4890,3.45,4.58,1337.3,923,16.3,919
4/5/2018,63.51,68.28,1300,855.98,1.22,1490,2210,4790,3.58,4.67,1327.7,912,16.39,911
4/6/2018,62.03,67.51,1300,858.32,1.22,1440,2000,4970,3.56,4.75,1331.2,909,16.4,911
4/9/2018,63.42,68.67,1300,861.79,1.23,1390,2070,4980,3.58,4.93,1331.95,930,16.47,923
4/10/2018,65.51,71.11,1300,864.49,1.29,1410,2180,4870,3.57,4.95,1338.95,950,16.61,929
4/11/2018,66.82,72.71,1300,866.94,1.12,1390,2190,4950,3.54,4.9,1350.75,958,16.81,933
4/12/2018,67.07,71.64,1300,862.25,1.12,1390,2160,4760,3.54,4.82,1341.35,955,16.53,928
4/13/2018,67.39,72.72,1300,862.89,1.12,1490,2180,4950,3.5,4.82,1343.7,986,16.66,929
4/16/2018,66.22,71.45,1300,865.68,1.2,1460,2100,4890,3.47,4.63,1349.35,1002,16.72,930
4/17/2018,66.52,71.61,1300,864.14,1.2,1460,2110,4840,3.46,4.68,1342.1,1002,16.77,925
4/18/2018,68.47,73.23,1300,866.38,0.94,1440,2100,4880,3.54,4.71,1351.45,1034,17.23,946
4/19/2018,68.29,74.75,1300,865.53,0.94,1450,2030,4920,3.53,4.74,1348.6,1036,17.2,943
4/20/2018,68.4,73.57,1300,859.5,0.94,1530,2100,4870,3.47,4.63,1336.75,1031,17.2,933
4/23/2018,68.58,74.14,1300,855.45,1.24,1530,2110,4810,3.49,4.61,1324.3,981,16.65,920
4/24/2018,67.66,75.1,1300,854.98,1.12,1410,1940,4780,3.54,4.72,1328.85,967,16.73,919
4/25/2018,68.06,73.79,1300,852.07,1.05,1290,1880,4480,3.59,4.86,1321.65,968,16.57,916
4/26/2018,68.19,74.62,1300,847.9,1.05,1290,1860,4410,3.59,4.81,1320.7,975,16.49,912
4/27/2018,68.1,74.64,1300,847.11,0.93,1380,2030,4570,3.63,4.9,1321.5,983,16.48,911
4/30/2018,68.57,75.02,1300,845.75,0.93,1380,2110,4760,3.65,4.54,1313.2,963,16.35,905
5/1/2018,67.25,73.71,1300,839.28,1.01,1340,2030,4790,3.75,5.23,1307.1,952,16.13,899
5/2/2018,67.93,72.79,1300,836.98,1.03,1360,2020,4820,3.75,5.23,1304.2,968,16.42,897
5/3/2018,68.43,73.2,1300,836.67,1.03,1380,2010,4560,3.78,5.35,1315.05,971,16.44,902
5/4/2018,69.72,74.35,1300,835.14,1.03,1380,2010,4560,3.77,5.22,1309.4,963,16.46,901
5/7/2018,70.73,74.35,1300,834,1.03,1380,2010,4560,3.72,5.08,1312.3,963,16.5,901
5/8/2018,69.06,74.06,1300,829.85,1.1,1550,2260,4420,3.75,5.11,1306.6,971,16.42,911
5/9/2018,71.14,77.25,1300,829.86,1.1,1550,2250,4410,3.75,5.1,1313.85,976,16.56,913
5/10/2018,71.36,77.23,1300,831.53,1.03,1530,2280,4430,3.73,5.02,1318.8,991,16.73,923
5/11/2018,70.7,77.47,1300,836.07,1.03,1570,2200,4490,3.68,4.94,1324.35,1004,16.76,926
5/14/2018,70.96,77.95,1300,837.79,1.11,1510,2200,4500,3.68,4.85,1319.85,1005,16.66,921
5/15/2018,71.31,78.87,1300,830.34,1.17,1370,2120,4450,3.74,4.9,1295,970,16.29,901
5/16/2018,71.49,78.29,1300,825.09,1,1440,2220,4380,3.71,4.9,1291.25,987,16.32,894
5/17/2018,71.49,80.49,1300,825.43,1.05,1350,2020,4360,3.66,4.93,1289.5,991,16.48,890
5/18/2018,71.28,79.2,1300,823.9,1.05,1370,2130,4860,3.74,5.14,1288.3,981,16.43,884
5/21/2018,72.24,78.94,1300,822.56,1.05,1360,2060,4660,3.73,5.19,1288.35,978,16.49,885
5/22/2018,72.2,80.37,1300,824.18,1.2,1360,2080,5000,3.74,5.33,1293.05,1001,16.6,906
5/23/2018,71.84,79.04,1300,819.27,1.2,1350,2070,4880,3.77,5.43,1289,972,16.41,903
5/24/2018,70.71,79.1,1300,820.66,1.2,1440,2170,4790,3.73,5.42,1304.85,972,16.64,909
5/25/2018,67.91,76.43,1300,815.84,1.2,1470,2160,4690,3.76,5.55,1303.5,978,16.55,908
5/28/2018,67.91,76.43,1300,813.45,1.2,1470,2160,4690,3.76,5.55,1303.5,978,16.55,908
5/29/2018,66.74,75.23,1300,809.47,1.2,1340,2130,4750,3.72,5.53,1295.5,982,16.42,904
5/30/2018,68.22,77.09,1300,812.89,1.2,1440,2110,4690,3.66,5.35,1300.7,979,16.53,906
5/31/2018,67.05,77.65,1300,817.12,1.2,1440,2120,4650,3.66,5.39,1305.35,986,16.51,907
6/1/2018,65.82,76.54,1300,816.4,1.2,1490,2210,4750,3.63,5.36,1294.6,991,16.47,903
6/4/2018,64.76,75.4,1300,818.76,1.2,1410,2150,4830,3.5,5.18,1295.45,1009,16.46,906
6/5/2018,65.53,74.61,1300,816.81,1.2,1400,2200,4830,3.53,5.23,1292.05,984,16.5,897
6/6/2018,64.74,74.98,1300,824.64,1.2,1420,2180,4770,3.47,5.3,1300.1,1008,16.74,901
6/7/2018,65.96,77.02,1300,827.75,1.2,1440,2210,4630,3.43,5.38,1297.25,1027,16.87,905
6/8/2018,65.75,76.66,1300,823.59,1.2,1570,2250,4750,3.45,5.31,1298.25,1015,16.77,901
6/11/2018,66.11,76.58,1300,826.49,1.48,1560,2280,4770,3.34,5.26,1299.6,1019,16.94,906
6/12/2018,66.37,76.46,1300,825.02,1.43,1390,2160,4650,3.45,5.46,1298.65,1025,16.91,907
6/13/2018,66.65,76.35,1300,824.11,1.43,1400,2130,4950,3.45,5.28,1296.15,1013,16.98,900
6/14/2018,66.9,76.05,1300,815.5,1.43,1410,2090,4850,3.33,5.13,1302.75,1010,17.22,909
6/15/2018,65.07,73.37,1300,813.18,1.34,1550,2170,4900,3.32,5.15,1285.25,995,16.59,898
6/18/2018,65.86,74.75,1300,812.97,1.34,1420,2050,4970,3.28,5.07,1281.55,986,16.47,884
6/19/2018,65.08,74.9,1300,809.47,1.34,1420,2070,4290,3.26,4.97,1276.15,982,16.38,871
6/20/2018,65.76,75.34,1300,810.49,1.57,1430,2120,4240,3.29,5.08,1274.2,972,16.35,867
6/21/2018,65.99,73.7,1300,812.49,1.57,1380,1900,4310,3.32,5.15,1266.15,962,16.32,866
6/22/2018,70.33,74.68,1300,814.66,1.57,1550,2100,4090,3.32,5.11,1269.15,956,16.41,867
6/25/2018,73.08,74.37,1300,818.01,1.57,1450,2050,4000,3.27,4.96,1268.7,949,16.33,868
6/26/2018,75.28,75.13,1300,816.59,1.71,1470,2020,3980,3.3,4.89,1260.3,939,16.3,864
6/27/2018,72.76,77.87,1300,811.68,1.57,1470,2120,4430,3.28,4.99,1254.6,946,16.19,860
6/28/2018,73.45,77.66,1300,810.47,1.57,1430,2210,4670,3.21,5.01,1251.55,945,16,852
6/29/2018,74.15,79.44,1300,817.29,1.57,1520,2150,4800,3.26,5.17,1250.45,953,16.15,851
7/2/2018,73.94,77.93,1300,812.48,1.78,1470,2080,4650,3.14,5,1247.8,941,15.87,839
7/3/2018,74.14,77.08,1300,815.5,1.78,1460,2040,4680,3.18,5.08,1251.75,954,16.04,838
7/4/2018,74.14,78.24,1300,815.08,1.78,1490,2070,4790,3.18,5.08,1251.75,948,16.04,834
7/5/2018,72.94,78.29,1300,819.23,1.78,1510,2140,4800,3.19,5.22,1255.5,947,16.06,845.5
7/6/2018,73.8,77.09,1300,823.01,1.78,1550,2200,4800,3.27,5.32,1255.35,947,16,838
7/9/2018,73.85,78.1,1300,823.19,1.78,1560,2120,4840,3.21,5.25,1262.05,965,16.11,849
7/10/2018,74.11,78.87,1300,820.42,1.78,1560,2050,4420,3.14,5.09,1254,950,16.1,843
7/11/2018,70.38,76.65,1300,820.44,1.78,1530,2200,4430,3.09,4.87,1251.4,940,15.85,838
7/12/2018,70.33,73.36,1300,817.88,1.84,1540,2190,4800,3.15,5,1245.9,938,16,838
7/13/2018,71.01,75.51,1300,816.74,1.84,1630,2340,4780,3.1,5.13,1241.7,944,15.86,831
7/16/2018,68.06,72.61,1300,819.52,1.84,1520,2320,4590,3.1,5.04,1241.1,933,15.77,826
7/17/2018,68.08,72.14,1300,817.84,1.8,1420,2250,4500,3.16,5.13,1232.8,915,15.62,825
7/18/2018,68.76,72,1300,815.01,1.8,1500,2210,4100,3.17,5.1,1224.5,910,15.49,810
7/19/2018,69.46,73.28,1300,812.89,1.8,1480,2180,4310,3.2,5.13,1217.55,886,15.29,798
7/20/2018,68.26,72.99,1300,819.54,1.8,1540,2220,4660,3.24,5.24,1228.75,892,15.5,824
7/23/2018,70.14,73.99,1300,819.31,1.8,1540,2220,4660,3.28,5.21,1224.95,900,15.42,829
7/24/2018,70.37,73.95,1300,819.4,1.8,1410,2120,4370,3.24,5.18,1228.35,924,15.5,839
7/25/2018,71.3,74.01,1300,817.17,1.8,1400,2090,4070,3.3,5.5,1231.5,934,15.56,841
7/26/2018,69.61,74.61,1300,816.16,1.8,1400,1980,4130,3.32,5.42,1228.25,931,15.48,835
7/27/2018,69.82,74.84,1300,815.68,1.8,1550,2090,4460,3.31,5.36,1223.95,930,15.54,829
7/30/2018,71.25,75.04,1300,819.84,1.8,1540,2100,4430,3.35,5.52,1223.8,928,15.52,826
7/31/2018,69.89,74.46,1300,819.06,1.8,1510,2270,4490,3.39,5.57,1220.95,928,15.58,831
8/1/2018,67.66,72.63,1300,817.07,1.8,1510,2040,4260,3.32,5.63,1219,927,15.44,825
8/2/2018,68.96,73.25,1300,812.85,1.8,1510,2030,4050,3.33,5.61,1215.45,921,15.4,823
8/3/2018,68.49,73.39,1300,811.29,1.56,1570,2220,4250,3.33,5.61,1216.3,920,15.52,832
8/6/2018,69.01,74.08,1300,809.07,1.56,1570,2230,4250,3.34,5.73,1209.65,905,15.36,825
8/7/2018,69.17,74.34,1300,811.4,1.21,1560,2200,4240,3.33,5.65,1212.35,920,15.41,835
8/8/2018,66.94,72.39,1300,812.23,1.21,1550,2210,4580,3.35,5.67,1209.55,900,15.38,824
8/9/2018,66.81,72.26,1300,810.08,1.21,1500,2110,4520,3.33,5.62,1214.35,898,15.45,837
8/10/2018,67.63,72.85,1300,800.28,1.21,1610,2260,4420,3.22,5.44,1214.4,911,15.33,828
8/13/2018,67.2,72.57,1300,799.12,1.21,1610,2140,4500,3.21,5.31,1200.35,905,15.09,814
8/14/2018,67.04,72.66,1300,796.1,1.21,1610,2140,4550,3.29,5.39,1197,894,15.08,806
8/15/2018,65.01,70.43,1300,791.89,1.14,1600,2000,4750,3.3,5.29,1182,849,14.46,775
8/16/2018,65.46,71.27,1300,797.4,1.14,1610,2020,4730,3.34,5.39,1180.4,885,14.79,781
8/17/2018,65.91,71.92,1300,798.62,0.95,1620,2050,4690,3.33,5.55,1178.4,895,14.68,779
8/20/2018,66.43,72.16,1300,800.26,0.95,1500,2150,4830,3.31,5.39,1184.35,922,14.68,792
8/21/2018,65.84,72.55,1300,806.34,1.01,1500,2150,4830,3.3,5.24,1190.95,912,14.77,795
8/22/2018,69.16,74.3,1300,811.87,0.93,1470,2120,4530,3.21,5.23,1196.65,923,14.76,798
8/23/2018,68.83,74.73,1300,810.22,0.93,1430,2150,4570,3.11,5.19,1192.35,915,14.6,782.5
8/24/2018,69.82,76.21,1300,813.96,0.93,1550,2130,4760,3.11,5.19,1197.7,932,14.88,786
8/27/2018,68.87,76.21,1300,816.9,0.93,1550,2130,4760,3.1,4.91,1212,932,14.89,786
8/28/2018,68.53,76.61,1300,819.95,0.98,1550,2130,4610,3.03,4.9,1212.25,953,14.88,805
8/29/2018,69.51,76.61,1300,818.53,0.82,1530,2150,4490,3.02,5.02,1204.2,950,14.73,793
8/30/2018,70.25,77.5,1300,816.05,0.84,1430,2110,4490,3.03,4.95,1197.3,980,14.56,792
8/31/2018,69.8,77.66,1300,814.43,0.84,1570,2200,4620,3.13,5.05,1202.45,979,14.54,792
9/3/2018,69.8,78.36,1300,813.86,0.84,1410,2190,4530,3.13,5.05,1202.45,980,14.54,788
9/4/2018,69.87,78.41,1300,808.88,1.08,1380,1990,4610,3.22,4.96,1190.85,967,14.12,772
9/5/2018,68.72,77.46,1300,813.81,0.85,1270,2010,4550,3.21,4.86,1196.7,988,14.22,774
9/6/2018,67.77,76.5,1300,814.2,0.85,1340,2030,4590,3.24,4.78,1205.15,978,14.18,790
9/7/2018,67.75,76.5,1300,810.88,0.87,1380,2110,4670,3.24,4.76,1198.9,982,14.22,776
9/10/2018,67.54,77.48,1300,812.32,0.87,1380,2110,4670,3.24,4.93,1196.6,994,14.19,797
9/11/2018,69.25,78.72,1300,810.98,1.1,1380,2000,4680,3.22,4.83,1189.85,972,14.11,784.5
9/12/2018,70.37,79.92,1300,813.75,0.91,1420,1950,4610,3.06,4.72,1195.6,979,14.22,788
9/13/2018,68.59,78.26,1300,817.24,0.91,1410,1950,4610,3.05,4.63,1209.8,982,14.24,810
9/14/2018,68.99,78.2,1300,816.63,0.91,1420,2010,4770,3.03,4.76,1201.95,987,14.15,805
9/17/2018,68.91,78.41,1300,818.25,0.91,1330,1990,4640,3,4.66,1201.9,982,14.22,801
9/18/2018,69.85,79,1300,818.93,1.1,1430,2240,4810,2.91,4.7,1200.2,999,14.2,814
9/19/2018,71.12,79.33,1300,816.9,1.1,1430,2200,4980,3,4.82,1203.3,1025,14.28,817
9/20/2018,70.32,78.73,1300,822.65,1.1,1400,2110,4780,3.06,4.84,1208.35,1050,14.24,826
9/21/2018,71.9,78.85,1300,823.2,1.1,1610,2330,5080,3.1,4.81,1198.7,1045,14.34,829
9/24/2018,73.21,80.85,1300,825.28,1.16,1630,2310,4430,3.13,4.88,1202.75,1058,14.37,830
9/25/2018,72.9,82.3,1300,824.94,1.16,1620,2120,4300,3.16,4.8,1201.9,1065,14.51,827
9/26/2018,71.57,81.6,1300,822.39,1.29,1620,2140,4310,3.15,4.82,1194.25,1065,14.4,824
9/27/2018,72.12,81.59,1300,817.39,1.29,1620,2160,4340,3.17,4.78,1185.4,1067,14.26,812
9/28/2018,73.25,82.79,1300,813.02,1.29,1630,2300,4550,3.07,4.74,1187.25,1094,14.68,815
10/1/2018,75.3,84.22,1300,810.95,1.4,1630,2240,4450,3.17,4.89,1189.35,1053,14.47,817
10/2/2018,75.23,85.4,1300,808.91,1.4,1470,2140,4540,3.19,4.99,1204.7,1060,14.77,828
10/3/2018,76.41,85.15,1300,807.66,1.4,1440,2150,4580,3.17,4.95,1201.2,1050,14.71,832
10/4/2018,74.33,85.82,1300,806.43,1.4,1320,1990,4430,3.24,4.98,1203.45,1060,14.63,830
10/5/2018,74.34,84.96,1300,805.77,1.4,1400,2230,4470,3.24,5.01,1203.8,1061,14.61,824
10/8/2018,74.29,83.74,1300,803.1,1.4,1370,2190,4190,3.23,4.94,1186.95,1066,14.29,814
10/9/2018,74.96,84.81,1300,802.88,1.4,1370,2190,4140,3.21,4.95,1185.55,1076,14.41,820
10/10/2018,73.17,83.62,1300,807.27,1.4,1370,2050,4390,3.19,4.9,1188.6,1075,14.32,820
10/11/2018,70.97,81,1300,809.17,1.4,1370,1990,4400,3.26,4.88,1205.55,1083,14.6,824
10/12/2018,71.34,80.74,1300,809.32,1.4,1530,2120,4380,3.26,4.97,1219.75,1084,14.6,838
10/15/2018,71.78,80.76,1300,811.09,1.4,1470,2120,4370,3.38,5.05,1229.95,1084,14.74,845
10/16/2018,71.92,80.66,1300,810.62,1.4,1350,1850,4310,3.35,5.03,1230.7,1084,14.72,842
10/17/2018,69.75,79.96,1300,807.08,1.4,1350,1850,4230,3.34,4.98,1229.05,1080,14.7,838
10/18/2018,68.65,79.67,1300,804.31,1.4,1310,1910,4180,3.3,4.93,1223,1075,14.64,828
10/19/2018,69.12,80.06,1300,804.7,1.4,1480,2170,4370,3.27,4.94,1227.85,1086,14.63,835
10/22/2018,69.36,79.85,1300,802.87,1.61,1440,2110,4410,3.29,4.88,1222.3,1105,14.58,830
10/23/2018,66.23,77.52,1300,802.1,1.65,1420,2060,4430,3.33,4.89,1235.95,1141,14.77,831
10/24/2018,66.72,76.88,1300,797.73,1.65,1420,2060,4420,3.31,4.8,1230.55,1125,14.7,827
10/25/2018,67.33,76.95,1300,796.56,1.65,1420,2050,4340,3.26,5.17,1230.8,1105,14.63,832
10/26/2018,67.59,77.05,1300,795.95,1.65,1570,2180,4530,3.33,4.95,1233.85,1093,14.75,825
10/29/2018,67.04,77.31,1300,797.23,1.65,1470,2060,4920,3.33,4.97,1230.8,1116,14.63,837
10/30/2018,66.18,76.18,1300,795.41,1.65,1400,2080,4680,3.31,4.89,1225.4,1082,14.47,836
10/31/2018,65.31,75.71,1300,793.13,1.65,1410,2120,4720,3.29,4.93,1214.95,1082,14.34,834
11/1/2018,63.69,72.85,1300,797.76,1.65,1420,2090,4600,3.33,5,1231.15,1091,14.7,852
11/2/2018,63.14,72.78,1300,796.48,1.65,1570,2290,4830,3.38,5,1232.1,1114,14.81,866
11/5/2018,63.1,73.5,1300,798.07,1.65,1570,1970,4550,3.41,4.99,1232.25,1126,14.64,863
11/6/2018,62.21,71.69,1300,799.17,1.65,1370,2000,4550,3.42,5.04,1231.6,1129,14.54,874
11/7/2018,61.67,71.59,1300,802.99,1.65,1360,2030,4620,3.41,5.02,1229.95,1133.5,14.6,873
11/8/2018,60.67,71.44,1300,799.85,1.65,1350,1930,4610,3.43,4.99,1224.15,1118,14.46,866
11/9/2018,60.19,70.06,1300,794.79,1.65,1470,2190,4780,3.39,4.94,1211.4,1122,14.15,858
11/12/2018,59.93,70.92,1300,787.59,1.65,1410,2070,4630,3.4,5.45,1205.55,1114,14.06,852
11/13/2018,55.69,66.88,1300,789.59,1.65,1360,2140,4750,3.36,5.33,1202.1,1112,14.06,843
11/14/2018,56.25,66.53,1300,791.59,1.65,1370,2060,4690,3.36,6.77,1203.25,1123,14.07,835
11/15/2018,56.46,67.16,1300,792.32,1.65,1480,2170,4590,3.37,5.29,1211.85,1130,14.27,833
11/16/2018,56.46,67.19,1300,797.61,1.32,1540,2260,4710,3.34,5.3,1222.4,1178,14.36,842
11/19/2018,57.2,66.19,1300,801.72,1.32,1390,2080,4590,3.31,5.22,1221.6,1172,14.4,844
11/20/2018,53.21,63.59,1300,798.8,1.3,1320,1980,4370,3.3,5.26,1223,1155,14.36,845
11/21/2018,50.22,63.36,1300,797.59,1.24,1340,2040,4220,3.31,5.22,1226.1,1152,14.52,846
11/22/2018,50.22,62.86,1300,798.48,1.24,1350,2110,4620,3.31,5.22,1226.1,1149,14.52,845
11/23/2018,50.22,58.92,1300,794.08,1.24,1510,2290,4760,3.31,5.22,1223.65,1141,14.3,838
11/26/2018,51.38,60.85,1300,793.75,1.24,1460,2210,4670,3.27,5.31,1223.4,1144,14.25,841
11/27/2018,51.56,60.68,1300,790.3,1.24,1420,2120,4850,3.28,5.23,1221.2,1143,14.14,843
11/28/2018,50.29,59.61,1300,789.32,1.24,1530,2150,4630,3.33,5.23,1213.25,1181,14.18,831
11/29/2018,51.45,59.64,1300,797.02,1.24,1440,2060,4770,3.36,5.22,1226.25,1174,14.35,820
11/30/2018,50.93,58.74,1300,792.61,1.07,1440,2100,4690,3.42,5.34,1217.55,1205,14.18,805
12/3/2018,52.95,61.17,1300,794.3,1.34,1430,1980,4660,3.49,5.36,1230.3,1213,14.46,804
12/4/2018,53.25,62.07,1300,794.6,1.31,1410,1950,4500,3.51,5.42,1240.3,1243,14.57,804
12/5/2018,52.89,62.45,1300,793.87,1.22,1350,1950,4700,3.51,5.38,1235.9,1255,14.5,794
12/6/2018,51.49,58.88,1300,796.75,1.22,1360,1980,4960,3.49,5.38,1242.55,1221,14.46,788
12/7/2018,52.61,62.96,1300,797.37,1.22,1350,2050,4850,3.52,5.38,1243.3,1208,14.59,789
12/10/2018,51,60.94,1300,796.36,1.22,1350,2210,4770,3.51,5.5,1245.35,1234,14.59,786
12/11/2018,51.65,60.92,1300,792.73,1.22,1390,2080,4640,3.52,5.46,1245.3,1256,14.58,786
12/12/2018,51.15,61.24,1300,795.6,1.22,1320,2110,4600,3.52,5.51,1245.75,1260,14.77,790
12/13/2018,52.58,60.61,1300,794.36,1.22,1350,2100,4550,3.51,5.61,1242.75,1262,14.78,794
12/14/2018,51.2,60.27,1300,790.81,1.33,1320,2000,4750,3.5,5.55,1235.35,1233,14.62,784
12/17/2018,49.88,59.68,1300,793.57,1.33,1320,2040,4480,3.51,5.6,1241.65,1258,14.65,782
12/18/2018,46.24,57.17,1300,795.44,1.33,1340,2060,4510,3.53,5.58,1246.3,1266,14.66,785
12/19/2018,47.92,57.6,1300,799.52,1.33,1320,2040,4610,3.5,5.49,1255,1253,14.8,791
12/20/2018,45.63,54.92,1300,799.1,1.33,1350,2060,4670,3.43,5.56,1259.75,1271,14.73,791
12/21/2018,45.39,54.16,1300,798.95,1.24,1330,2050,4220,3.49,5.46,1258.15,1242,14.67,790
12/24/2018,45.39,54.16,1300,798.96,1.24,1340,2000,4190,3.48,5.46,1261.25,1240,14.77,792
12/25/2018,45.39,54.16,1300,798.96,1.24,1340,2000,4190,3.48,5.46,1261.25,1240,14.77,792
12/26/2018,46.02,54.16,1300,798.53,1.33,1340,2000,4190,3.43,5.42,1261.25,1240,15.15,792
12/27/2018,44.41,53.13,1300,798.18,1.33,1230,1920,4190,3.45,5.42,1268,1256,15.24,793
12/28/2018,45.21,53.13,1300,800.46,1.33,1220,1980,4120,3.46,5.43,1279,1270,15.33,788
12/31/2018,45.21,53.13,1300,800.18,1.33,1230,2010,4050,3.46,5.36,1281.65,1263,15.51,794
1/1/2019,45.21,53.13,1300,800.18,1.33,1230,2010,4050,3.46,5.36,1281.65,1263,15.51,794
1/2/2019,46.34,55.69,1300,794.81,1.33,1230,2090,4100,3.49,5.38,1282.9,1267,15.55,785
1/3/2019,46.89,54.88,1300,797.4,1.29,1230,2150,4110,3.53,5.45,1290.45,1269,15.68,794
1/4/2019,47.76,56.91,1300,798.64,1.2,1380,2170,4450,3.57,5.49,1279.9,1269,15.76,800
1/7/2019,48.32,58.49,1300,802.28,1.2,1210,2070,4140,3.56,5.51,1292.2,1313,15.7,823
1/8/2019,49.58,58.31,1300,800.91,1.2,1220,2090,4330,3.54,5.49,1286.45,1309,15.63,820
1/9/2019,52.16,60.66,1300,805.78,1.2,1270,2030,4190,3.56,5.51,1288.6,1337,15.66,821
1/10/2019,52.39,61.47,1300,806.5,1.2,1350,1990,4400,3.5,5.45,1291.9,1328,15.66,821
1/11/2019,51.39,60.73,1300,803.42,1.3,1300,2010,4370,3.52,5.51,1288.95,1327,15.65,822
1/14/2019,50.31,60.29,1300,802.75,1.3,1420,2050,4410,3.52,5.45,1292.75,1337,15.64,807
1/15/2019,51.91,60.02,1300,800.25,1.58,1320,1940,4380,3.46,5.43,1294.4,1328,15.58,802
1/16/2019,52.11,61.02,1300,797.61,1.58,1260,1970,4400,3.48,5.43,1292.3,1345,15.6,800
1/17/2019,51.87,60.92,1300,796.55,1.58,1370,2100,4760,3.54,5.48,1290.7,1392,15.52,805
1/18/2019,53.6,62.68,1300,795.64,1.58,1360,1990,4870,3.55,5.48,1284.2,1375,15.42,801
1/21/2019,53.6,62.92,1300,795.61,1.58,1350,1920,5020,3.55,5.48,1279.55,1353,15.3,798
1/22/2019,52.81,61.16,1300,794.96,1.46,1390,2070,5060,3.53,5.52,1282.1,1337,15.33,793
1/23/2019,52.42,61.13,1300,796.53,1.46,1400,2270,5080,3.52,5.57,1279.8,1348,15.37,790
1/24/2019,52.98,61.04,1300,794.74,1.46,1390,2170,4890,3.5,5.52,1283.7,1316,15.33,795
1/25/2019,53.54,61.48,1300,797.87,1.46,1390,2010,4400,3.54,5.51,1293.9,1331,15.7,812
1/28/2019,51.79,59.8,1300,800.48,1.49,1540,2010,4370,3.53,5.48,1302.15,1342,15.76,811
1/29/2019,53.31,61.39,1300,799.03,1.33,1430,1980,4640,3.52,5.41,1307.55,1342,15.86,816
1/30/2019,54.23,62.33,1300,799.76,1.33,1370,2010,4670,3.55,5.47,1310.7,1344,15.93,812
1/31/2019,53.79,62.28,1300,803.23,1.33,1380,2130,4720,3.5,5.46,1323.25,1380,16.08,821
2/1/2019,55.26,62.16,1300,802.77,1.37,1380,2010,4590,3.53,5.54,1318.7,1368,15.95,825
2/4/2019,54.56,62.43,1300,800.01,1.34,1360,1880,4300,3.54,5.58,1312.15,1362,15.91,816
2/5/2019,53.66,62.17,1300,798.69,1.34,1350,1900,4230,3.56,5.62,1314.2,1377,15.83,822
2/6/2019,54.01,62.71,1300,796.49,0.86,1300,1940,4320,3.56,5.61,1312.4,1378,15.75,819
2/7/2019,52.64,61.38,1300,794.91,0.86,1320,1980,4270,3.52,5.47,1310,1398,15.7,805
2/8/2019,52.72,61.87,1300,792.96,0.86,1240,1970,4290,3.51,5.51,1314.85,1394,15.79,799
2/11/2019,52.41,61.4,1300,789.33,0.86,1290,2040,4560,3.5,5.52,1306.4,1388,15.72,791
2/12/2019,53.1,62.66,1300,790.96,0.86,1300,1980,4580,3.55,5.54,1310,1400,15.7,786
2/13/2019,53.9,63.77,1300,790.15,0.86,1390,2020,4170,3.54,5.56,1312.8,1408,15.71,788
2/14/2019,54.41,64.16,1300,789.25,0.86,1390,2010,4480,3.51,5.39,1311.45,1403,15.59,782
2/15/2019,55.59,65.95,1300,788.44,1.12,1360,2060,4620,3.51,5.34,1316.55,1437,15.66,788
2/18/2019,55.59,66.57,1300,791.49,1.12,1350,2040,4530,3.51,5.34,1325.5,1456,15.82,808
2/19/2019,56.09,66.14,1300,793.44,1.12,1290,1980,4440,3.46,5.34,1334.15,1470,15.98,811
2/20/2019,57.16,67.07,1300,794.41,1.12,1290,1980,4440,3.47,5.11,1343.75,1491,16.14,822
2/21/2019,56.74,67.16,1300,794.33,1.12,1400,2110,4560,3.52,5.17,1331.25,1481,15.89,826
2/22/2019,57.08,67.26,1300,793.75,1.12,1220,1960,4670,3.52,5.17,1329.05,1482,15.95,830
2/25/2019,55.33,64.88,1300,794.33,1.12,1320,2070,4810,3.48,4.97,1331.05,1528,15.91,853
2/26/2019,55.5,65.37,1300,795.09,1.12,1260,1990,4960,3.43,4.91,1325.05,1540,15.89,853
2/27/2019,56.94,66.55,1300,796.81,1.12,1290,2040,4770,3.42,4.91,1322.85,1558,15.75,868
2/28/2019,57.22,66.02,1300,797.09,1.12,1340,2190,4540,3.36,4.83,1319.15,1544,15.65,871
3/1/2019,55.8,65.22,1300,797.12,1.12,1340,2180,4460,3.41,4.8,1311.95,1553,15.32,863
3/4/2019,56.59,65.89,1300,792.54,1.12,1340,2180,4660,3.44,4.8,1285.4,1546,15.13,844
3/5/2019,56.56,65.8,1300,791.41,1.12,1340,2070,4700,3.46,4.88,1283.8,1521,15.13,840
3/6/2019,56.22,65.69,1300,792.23,1.14,1360,2080,4870,3.43,4.77,1285.85,1510,15.07,828
3/7/2019,56.66,65.99,1300,786.17,1.14,1360,2070,4760,3.36,4.65,1285.3,1532,15.04,824
3/8/2019,56.07,65.79,1300,786.4,1.14,1380,2100,4340,3.35,4.66,1296.75,1509,15.36,818
3/11/2019,56.79,66.36,1300,785.69,1.14,1360,1990,4420,3.33,4.57,1292.75,1521,15.3,814
3/12/2019,56.87,66.7,1300,789.22,1.14,1280,2020,4580,3.38,4.8,1297.05,1547,15.39,834
3/13/2019,58.26,67.2,1300,791.68,1.14,1270,1910,4540,3.38,4.74,1306.95,1544,15.49,845
3/14/2019,58.61,67.38,1300,791.31,1.14,1420,2020,4950,3.42,4.81,1295.55,1549,15.21,831
3/15/2019,58.52,66.9,1300,792.83,1.14,1460,2170,4680,3.42,4.9,1303.5,1555,15.32,831
3/18/2019,59.09,67.44,1300,793.62,1.28,1450,2140,4240,3.44,4.85,1305.6,1567,15.36,831
3/19/2019,59.03,67.52,1300,794.25,1.5,1430,1980,4220,3.44,4.84,1307.7,1585,15.4,850
3/20/2019,60.23,68.34,1300,794.64,1.5,1370,1980,4260,3.44,4.93,1303.7,1602,15.31,859
3/21/2019,59.83,68.15,1300,795.22,1.5,1250,2030,4320,3.49,4.94,1309.6,1604,15.5,872
3/22/2019,58.89,66.53,1300,789.83,1.28,1280,2180,4450,3.52,4.93,1311.3,1554,15.42,853
3/25/2019,58.77,67.24,1300,792.59,1.49,1160,2120,4890,3.54,4.97,1319.55,1565,15.57,852
3/26/2019,59.94,67.85,1300,789.64,1.49,1180,1990,4660,3.51,4.96,1316.3,1548,15.45,858
3/27/2019,59.41,68.06,1300,787.63,1.49,1230,2020,4790,3.47,4.97,1309.7,1491,15.33,861
3/28/2019,59.3,67.18,1300,786.45,1.49,1240,2040,4910,3.49,4.93,1295.15,1352,15.08,841
3/29/2019,60.14,68.55,1300,785.99,1.37,1290,2080,4910,3.31,4.88,1295.4,1390,15.17,850
4/1/2019,61.59,68.93,1300,785.49,1.67,1260,2110,4770,3.38,4.92,1293.5,1403,15.16,853
4/2/2019,62.58,69.53,1300,783.33,1.67,1260,2130,4830,3.38,4.94,1290.3,1431,15.08,850
4/3/2019,62.46,69.16,1300,786.09,1.67,1300,2070,4850,3.39,5.03,1290.45,1406,15.12,862
4/4/2019,62.1,69.74,1300,785.17,1.67,1300,1930,4540,3.41,5.02,1283.15,1367,15.1,882
4/5/2019,63.08,69.88,1300,785.6,1.67,1370,2000,4420,3.39,5,1288.45,1352,15.14,903
4/8/2019,64.4,70.97,1300,788.31,1.67,1350,2040,4450,3.37,4.97,1300,1371,15.24,914
4/9/2019,63.98,70.81,1300,789.1,1.67,1340,2050,4840,3.38,4.91,1303,1396,15.31,904
4/10/2019,64.61,71.53,1300,787.59,0.65,1350,1950,4620,3.4,4.91,1305.45,1386,15.26,891
4/11/2019,63.58,71.4,1300,789.08,0.65,1260,1990,4520,3.38,4.94,1298.8,1379,15.03,898
4/12/2019,63.89,71.72,1300,791.98,1.5,1260,1990,4610,3.4,4.98,1294.3,1365,15.02,899
4/15/2019,63.4,71.15,1300,791.68,1.61,1280,2030,4490,3.43,4.94,1285.65,1364,15.01,883
4/16/2019,64.05,71.34,1300,790.97,1.61,1310,2030,4660,3.39,4.79,1276.35,1364,14.99,888
4/17/2019,63.76,71.89,1300,791.17,1.61,1350,2090,4540,3.38,4.81,1275.85,1370,14.97,886
4/18/2019,64,71.9,1300,787.04,1.61,1280,2060,4620,3.38,4.78,1275.7,1395,15.01,890
4/19/2019,64,71.9,1300,787.04,1.57,1280,2060,4620,3.38,4.78,1275.7,1395,15.01,890
4/22/2019,65.55,71.9,1300,787.83,1.57,1280,2060,4620,3.35,4.7,1275.25,1395,15.01,890
4/23/2019,66.43,72.08,1300,784.47,1.57,1350,2110,4780,3.32,4.73,1269.5,1378,14.82,886
4/24/2019,65.89,74.59,1300,784.18,1.57,1390,2210,4810,3.26,4.66,1271.65,1407,14.99,885
4/25/2019,65.16,75.15,1300,780.07,1.57,1390,2050,4740,3.29,4.69,1280.8,1418,14.96,878
4/26/2019,63.22,71.98,1300,781.39,1.57,1480,1960,4520,3.33,4.69,1284.2,1431,15.07,889
4/29/2019,63.5,72.02,1300,781.63,1.57,1380,2030,4470,3.34,4.63,1279.5,1437,14.91,896
4/30/2019,63.91,72.9,1300,784.48,1.45,1380,2020,4730,3.34,4.57,1282.3,1366,14.95,889
5/1/2019,63.6,71.81,1300,786.83,1.45,1380,2010,4500,3.41,4.61,1283.8,1363,14.74,882
5/2/2019,61.81,70.21,1300,782.87,1.45,1400,1940,4680,3.43,4.69,1270.95,1358,14.63,857
5/3/2019,61.94,71.45,1300,783.11,1.45,1360,1970,4570,3.44,4.63,1278.55,1359,14.94,855
5/6/2019,62.25,71.45,1300,783.65,1.45,1360,1970,4570,3.38,4.63,1278.5,1359,14.91,855
5/7/2019,61.4,70.39,1300,783.14,1.39,1350,1780,4680,3.41,4.68,1281.2,1332,14.9,871
5/8/2019,62.12,70.71,1300,784.12,1.15,1360,1780,4660,3.38,4.69,1285.2,1322,14.86,868
5/9/2019,61.7,70.91,1300,786.04,1.15,1360,1880,4590,3.27,4.59,1286.1,1274,14.78,851
5/10/2019,61.66,70.88,1300,787.05,1.15,1370,1900,4600,3.28,4.54,1287.1,1312,14.81,857
5/13/2019,61.04,71.09,1300,787.01,1.15,1380,1830,4620,3.32,4.67,1295.6,1329,14.78,860
5/14/2019,61.78,71.38,1300,784.84,1.5,1230,1770,4400,3.44,4.78,1298.4,1330,14.81,857
5/15/2019,62.02,72.26,1300,784.42,1.25,1210,1900,4640,3.44,4.78,1299.1,1311,14.81,846
5/16/2019,62.87,73.35,1300,782.54,1.25,1230,1970,4600,3.55,4.97,1291.7,1335,14.56,842
5/17/2019,62.76,72.64,1300,781.15,1.36,1290,2020,4750,3.59,4.96,1280.8,1316,14.44,823
5/20/2019,63.1,72.66,1300,781.53,1.53,1210,2100,4700,3.59,5.09,1276.85,1317,14.46,812
5/21/2019,63.13,72.16,1300,782.71,1.53,1370,2080,4690,3.71,5.11,1271.15,1329,14.45,811
5/22/2019,61.24,71.14,1300,780.77,1.53,1310,1920,4750,3.71,5.11,1273.8,1307,14.49,805
5/23/2019,57.7,67.72,1300,780.5,1.53,1240,2000,4570,3.67,5.11,1283.65,1311,14.65,798
5/24/2019,58.43,67.81,1300,784.27,1.33,1240,2080,4480,3.82,5.22,1282.5,1329,14.58,800
5/27/2019,58.43,67.81,1300,783.45,1.33,1240,2080,4480,3.82,5.22,1282.5,1329,14.58,800
5/28/2019,59.14,69.79,1300,782.21,1.33,1160,2070,4140,3.98,5.38,1278.3,1342,14.36,804
5/29/2019,58.81,68.85,1300,779.96,1.33,1160,2070,4140,3.95,5.25,1281.65,1344,14.46,796
5/30/2019,56.59,67.55,1300,778.88,1.33,1160,2110,4410,4.13,5.49,1280.95,1345,14.53,791
5/31/2019,53.5,64.93,1300,780.07,1.24,1220,2120,4650,4.04,5.38,1295.55,1370,14.59,791
6/3/2019,53.25,61.5,1300,784.11,1.24,1240,2160,4560,4.02,5.5,1317.1,1340,14.75,800
6/4/2019,53.48,61.9,1300,786.31,1.31,1260,2130,4570,4.03,5.38,1324.25,1347,14.77,816
6/5/2019,51.68,60.45,1300,788.33,1.31,1340,2150,4670,3.93,5.2,1335.05,1346,14.81,827
6/6/2019,52.59,60.79,1300,789.75,1.37,1300,2150,4690,3.97,5.4,1335.5,1341,14.9,802
6/7/2019,53.99,62.9,1300,793.64,1.15,1290,2070,4750,3.95,5.34,1340.65,1356,15.04,804
6/10/2019,53.26,63.16,1300,792.05,1.2,1320,2040,4700,3.95,5.4,1328.6,1357,14.72,803
6/11/2019,53.27,62.72,1300,791.99,1.2,1330,1980,4580,4.1,5.51,1324.3,1398,14.76,809
6/12/2019,51.14,61.01,1300,792.44,1.2,1350,2050,4670,4.13,5.59,1332.35,1403,14.82,812
6/13/2019,52.28,61.78,1300,789.1,1.2,1350,2060,4660,4.25,5.71,1335.9,1438,14.89,809
6/14/2019,52.51,62.24,1300,785.74,1.06,1280,2040,4590,4.4,5.74,1351.25,1447,14.93,806
6/17/2019,51.93,61.79,1300,785.83,1.06,1280,1990,4630,4.4,5.75,1341.3,1452,14.88,795
6/18/2019,53.9,62.55,1300,782.99,1.06,1300,2080,4570,4.36,5.67,1341.35,1491,14.99,801
6/19/2019,53.76,62.1,1300,785.09,1.06,1300,2080,4470,4.28,5.58,1344.05,1505,14.99,803
6/20/2019,57.07,64.26,1300,790.4,1.06,1330,1960,4420,4.39,5.6,1379.5,1522,15.41,815
6/21/2019,57.28,65.34,1300,792.44,1.15,1330,1930,4550,4.34,5.59,1397.15,1500,15.32,803
6/24/2019,57.72,64.35,1300,797.27,1.24,1260,2010,4590,4.36,5.71,1405.7,1518,15.42,812
6/25/2019,57.6,65.53,1300,796.75,1.16,1370,2140,4590,4.37,5.63,1431.4,1525,15.46,812
6/26/2019,59.15,66.5,1300,796.38,1.16,1280,2030,4620,4.39,5.74,1403.95,1536,15.34,806
6/27/2019,59.21,66.43,1300,795.78,1.16,1250,2010,4660,4.36,5.72,1402.5,1531,15.19,811
6/28/2019,58.24,66.87,1300,797.17,1.01,1240,1880,4690,4.16,5.53,1409,1524,15.32,818
7/1/2019,58.87,65.01,1300,792.7,1.16,1270,1860,4880,4.09,5.25,1390.1,1552,15.22,843
7/2/2019,56.03,63.07,1300,790.66,1.22,1340,1810,4350,4.14,5.06,1391.05,1550,15.24,830
7/3/2019,57.28,63.19,1300,789.71,1.22,1320,1900,4460,4.33,5.13,1413.5,1557,15.32,833
7/4/2019,57.28,63.55,1300,789.74,1.22,1310,1990,4060,4.33,5.13,1413.5,1557,15.32,836
7/5/2019,57.28,64.08,1300,785.6,0.99,1290,1990,4380,4.37,5.13,1388.65,1574,15.01,825
7/8/2019,57.44,64.74,1300,785.08,1.25,1260,2080,4330,4.38,5.09,1400.1,1567,15.04,811
7/9/2019,57.6,64.15,1300,784.44,1.25,1260,2090,4340,4.32,5,1391.55,1555,15.11,809
7/10/2019,60.21,66.16,1300,787.58,1.25,1260,1980,4320,4.38,5.02,1408.3,1580,15.21,823
7/11/2019,59.97,67,1300,787.71,1.25,1260,2020,4210,4.48,5.2,1413.75,1577,15.2,825
7/12/2019,59.99,66.8,1300,787.69,1.25,1320,1830,4400,4.57,5.22,1407.6,1554,15.17,818
7/15/2019,59.35,66.76,1300,788.32,1.25,1300,1840,4290,4.48,5.07,1412.4,1564,15.34,843
7/16/2019,57.4,66.67,1300,785.64,1.08,1300,1860,4230,4.38,5.07,1409.85,1552,15.6,844
7/17/2019,56.56,64.13,1300,785.79,0.98,1330,1850,4320,4.38,5.07,1410.35,1540,15.93,837
7/18/2019,55.08,61.82,1300,785.31,0.98,1250,2070,4100,4.3,4.93,1417.45,1518,16.21,844
7/19/2019,55.4,62.29,1300,785.52,0.98,1230,1880,4330,4.36,4.99,1439.7,1534,16.13,854
7/22/2019,55.99,63.21,1300,785.62,0.98,1290,2060,4660,4.26,4.76,1427.75,1498,16.4,849
7/23/2019,56.65,63.22,1300,780.47,0.98,1270,2050,4640,4.29,4.73,1425.55,1523,16.46,853
7/24/2019,55.71,64.22,1300,779.99,0.98,1320,1890,4670,4.27,4.82,1426.95,1527,16.58,869
7/25/2019,55.85,63.77,1300,781.09,0.98,1210,2030,4290,4.19,4.84,1416.1,1528,16.49,873
7/26/2019,56.2,63.26,1300,778.86,1.27,1240,1970,4280,4.14,4.81,1420.4,1531,16.41,865
7/29/2019,56.87,63.55,1300,779.19,1.27,1240,1960,4380,4.16,4.88,1419.05,1526,16.42,869
7/30/2019,58.05,64.05,1300,779.77,1.23,1190,2020,4300,4.1,4.82,1425.9,1547,16.52,877
7/31/2019,58.58,64.71,1300,779.37,1.35,1180,1930,4270,3.98,4.72,1427.55,1533,16.41,873
8/1/2019,53.95,63.56,1300,774.09,1.35,1170,1920,4260,3.91,4.8,1406.8,1451,16.15,844
8/2/2019,55.66,62.07,1300,777.11,1.48,1130,1850,4210,3.98,4.95,1441.75,1389,16.31,841
8/5/2019,54.69,60.46,1300,782.96,1.48,1130,1820,4130,4.04,4.99,1465.25,1438,16.37,856
8/6/2019,53.63,59.84,1300,783.04,1.48,1070,1960,4070,4.01,4.86,1465.25,1444,16.44,852
8/7/2019,51.09,56.24,1300,785.08,1.48,1080,1930,4100,4.05,4.9,1506.05,1407,17.09,851
8/8/2019,52.54,57.54,1300,784.03,1.48,1080,1950,4160,4.08,4.98,1495.75,1420,16.97,850
8/9/2019,54.5,58.62,1300,784.1,1.48,1090,1940,4210,4.07,4.99,1497.37,1432,17.01,863
8/12/2019,54.93,58.38,1300,785.3,1.48,1120,1960,4290,3.82,4.71,1504.7,1429,17.08,857
8/13/2019,57.1,60.95,1300,783.19,1.48,1130,1880,4240,3.63,4.72,1498.4,1423,17.02,857
8/14/2019,55.23,58.71,1300,780.48,1.48,1130,1890,4170,3.57,4.68,1513.25,1434,17.26,851
8/15/2019,54.47,58.32,1300,777.59,1.48,1130,1900,4180,3.58,4.67,1515.65,1443,17.24,837
8/16/2019,54.87,58.65,1300,777.33,1.48,1110,1890,4410,3.68,4.69,1515.25,1458,17.12,833
8/19/2019,56.21,59.39,1300,776.7,1.48,1110,1870,4360,3.68,4.67,1496.6,1460,16.99,845
8/20/2019,56.13,59.48,1300,776.21,1.48,1140,1960,4250,3.57,4.62,1504.55,1493,17.13,847
8/21/2019,55.73,60.8,1300,776.53,1.48,1160,2030,4300,3.6,4.64,1503.25,1491,17.14,853
8/22/2019,55.28,59.86,1300,775.65,1.48,1160,1930,4290,3.6,4.69,1502.05,1478,17.12,855
8/23/2019,54.1,59.03,1300,777.59,1.48,1170,1920,4050,3.57,4.77,1503.8,1460,17.43,851
8/26/2019,53.64,59.03,1300,777.97,1.48,1170,1920,4050,3.55,4.75,1534.7,1460,17.71,851
8/27/2019,54.93,58.79,1300,777.09,1.48,1170,2000,4160,3.53,4.75,1532.95,1484,18.17,861
8/28/2019,55.78,60.72,1300,775.28,1.48,1170,2020,4200,3.59,4.74,1537.15,1463,18.3,876
8/29/2019,56.71,60.68,1300,774.66,1.48,1210,2040,4370,3.56,4.71,1540.2,1483,18.48,923
8/30/2019,55.1,60.48,1300,770.87,1.48,1130,1920,4140,3.54,4.53,1528.4,1542,18.39,939
9/2/2019,55.1,58.3,1300,767.71,1.48,1100,1950,4440,3.54,4.53,1528.4,1523,18.39,928
9/3/2019,53.94,57.73,1300,767.38,1.24,1190,1930,4600,3.48,4.6,1537.85,1525,19.18,941
9/4/2019,56.26,60.48,1300,772.04,1.24,1130,1870,4530,3.49,4.66,1546.1,1560,19.4,977
9/5/2019,56.3,62.13,1300,773.08,1.24,1130,1880,4480,3.46,4.72,1529.1,1567,18.73,976
9/6/2019,56.52,60.76,1300,773.33,1.16,1120,1780,4270,3.43,4.69,1523.7,1541,18.77,947
9/9/2019,57.85,62.84,1300,773.98,1.26,1100,1800,4300,3.41,4.8,1509.2,1562,18.02,959
9/10/2019,57.4,63.67,1300,772.87,1.18,1130,2010,4260,3.49,4.84,1498.25,1565,18.13,939
9/11/2019,55.75,62.22,1300,769.78,1.18,1030,1880,4170,3.46,4.8,1490.65,1584,18.07,940
9/12/2019,55.09,60.11,1300,772.14,1.18,1040,1810,4140,3.56,4.86,1515.2,1600,18.1,948
9/13/2019,54.85,60.34,1300,775.89,1.18,1050,1850,4220,3.56,4.86,1503.1,1600,17.65,956
9/16/2019,62.9,67.82,1300,769.82,1.18,1090,1820,4220,3.61,4.91,1497.2,1603,17.95,947
9/17/2019,59.34,65.54,1300,773.44,1.08,1090,1840,4070,3.55,4.86,1502.1,1595,18.02,938
9/18/2019,58.11,64.19,1300,774.14,1.08,1100,1820,4250,3.57,4.92,1503.5,1594,17.93,939
9/19/2019,58.13,64.44,1300,773.99,1.08,1090,1850,4240,3.61,4.9,1500.7,1608,17.81,935
9/20/2019,58.09,64.95,1300,770.8,1.06,1140,1900,4150,3.59,4.9,1501.9,1646,17.8,940
9/23/2019,58.54,64.39,1300,769.66,1.06,1150,1890,4190,3.61,4.85,1522.1,1651,18.56,956
9/24/2019,57.17,63.88,1300,769.81,1.03,1150,1860,4260,3.63,4.84,1520.65,1664,18.54,954
9/25/2019,56.33,62.16,1300,767.05,0.93,1210,1900,4410,3.63,4.79,1528.75,1628,18.08,945
9/26/2019,56.41,61.83,1300,765.91,0.93,1200,1890,4220,3.6,4.74,1506.4,1663,17.91,932
9/27/2019,55.91,62.38,1300,766.3,0.93,1200,1890,4220,3.6,4.72,1489.9,1670,17.46,925
9/30/2019,54.07,60.89,1300,763.15,0.93,1080,1730,4090,3.76,4.8,1485.3,1674,17.07,900
10/1/2019,53.62,59.35,1300,764.23,0.93,1070,1730,3990,3.81,4.84,1473.45,1660,17.3,881
10/2/2019,52.64,57.52,1300,766.23,0.93,1150,1740,4330,3.73,4.74,1492.6,1676,17.58,879
10/3/2019,52.45,57.36,1300,768.92,0.93,1100,1790,4260,3.76,4.73,1517.1,1670,17.67,893
10/4/2019,52.81,58.51,1300,768.59,0.93,1120,1850,4180,3.73,4.76,1499.15,1661,17.5,873
10/7/2019,52.75,59.34,1300,769.67,0.93,1150,1870,4180,3.75,4.74,1501.25,1662,17.51,885
10/8/2019,52.63,58.02,1300,766.94,0.93,1190,1890,4150,3.84,4.85,1505.85,1642,17.68,887
10/9/2019,52.59,59.3,1300,768.61,0.93,1170,1840,4180,3.82,4.85,1507.25,1687,17.77,883
10/10/2019,53.55,58.68,1300,770.96,0.93,1210,1800,4170,3.68,4.78,1494.8,1694,17.57,891
10/11/2019,54.7,60.49,1300,772.52,0.93,1220,1920,4390,3.86,4.93,1479.15,1700,17.51,888
10/14/2019,53.59,58.91,1300,771.82,0.93,1220,1890,4370,3.86,4.96,1490.6,1697,17.66,898
10/15/2019,52.81,59.33,1300,772.6,1.51,1150,1850,4320,3.81,4.92,1487.8,1741,17.42,891
10/16/2019,53.36,59.32,1300,773.52,1.48,1080,1700,4240,3.81,4.98,1485.1,1763,17.4,888
10/17/2019,53.93,58.99,1300,778.15,1.48,1100,1760,4220,3.83,5.11,1492.65,1762,17.62,886
10/18/2019,53.78,59.6,1300,779.77,1.39,1090,1800,4350,3.8,5.17,1490,1763,17.56,886
10/21/2019,53.31,58.66,1300,780.23,1.39,1090,1790,4350,3.78,5.09,1491.65,1771,17.6,895
10/22/2019,54.48,60.2,1300,779.17,1.39,1210,1830,4380,3.78,5.03,1485.35,1754,17.47,887
10/23/2019,55.79,60.31,1300,778.11,1.28,1140,1860,4380,3.79,5.05,1494.45,1753,17.59,896
10/24/2019,56.06,61.55,1300,777.3,1.28,1160,1930,4170,3.77,5.11,1496.55,1764,17.78,927
10/25/2019,56.46,61.82,1300,776.37,1.28,1150,1990,4230,3.78,5.13,1513.45,1778,18,931
10/28/2019,55.61,61.27,1300,776.47,1.28,1150,1990,4230,3.75,5.13,1492.4,1790,17.83,921
10/29/2019,55.34,61.87,1300,778.1,1.33,1150,1990,4230,3.76,5.07,1486.75,1780,17.9,918
10/30/2019,54.86,60.91,1300,778.62,1.21,1140,1970,4230,3.82,5.04,1492.4,1788,17.88,917
10/31/2019,53.98,60.21,1300,780.94,1.21,1140,1970,4230,3.81,5.03,1510.95,1794,18.02,936
11/1/2019,56,60.51,1300,781.84,1.21,1180,2110,4610,3.8,5.11,1508.8,1801,18.08,935
11/4/2019,56.34,62.74,1300,780.84,1.21,1180,2010,4200,3.77,5.04,1509.45,1797,18.03,947
11/5/2019,57.03,62.88,1300,775.24,1.15,1140,1940,3960,3.73,5.4,1488.95,1774,17.58,925
11/6/2019,56.15,62.22,1300,775.18,1.15,1100,1940,4000,3.7,5.41,1486.05,1798,17.65,930
11/7/2019,56.95,62.61,1300,773.13,1.15,1090,1910,3890,3.66,5.42,1484.25,1804,17.03,929
11/8/2019,57.04,62.61,1300,771.45,1.15,1110,1980,4080,3.68,5.4,1464.15,1768,16.9,888
11/11/2019,56.66,62.48,1300,772.45,1.15,980,1770,4090,3.68,5.41,1458.7,1706,16.82,881
11/12/2019,56.6,62.46,1300,770.89,1.15,990,1760,4130,3.69,5.57,1452.05,1698,16.76,869
11/13/2019,56.92,62.37,1300,770.69,1.15,1050,1890,4180,3.66,5.49,1462.9,1706,16.93,867
11/14/2019,56.57,62.56,1300,770.11,1.15,1090,1880,4110,3.67,5.47,1466.65,1722,17.05,872
11/15/2019,57.52,63.37,1300,773.67,1.15,1100,1880,4160,3.63,5.47,1466.9,1725,16.98,883
11/18/2019,56.85,62.17,1300,775.67,1.15,1170,1890,4230,3.59,5.52,1467.65,1716,17.03,887
11/19/2019,55.01,60.94,1300,775.53,1.15,1170,1800,4140,3.64,5.57,1468.45,1758,17.08,902
11/20/2019,56.81,62.62,1300,774.59,1.31,1140,1830,4240,3.57,5.61,1471.7,1767,17.1,914
11/21/2019,58.38,63.44,1300,775.33,1.31,1140,1880,4370,3.61,5.54,1467.05,1764,17.17,919
11/22/2019,57.57,63.28,1300,772.35,1.31,1140,1890,4200,3.61,5.6,1464.45,1765,17.05,901
11/25/2019,57.91,63.54,1300,770.86,1.38,1250,1870,4340,3.63,5.76,1458.4,1794,16.95,892
11/26/2019,58.41,63.92,1300,771.04,1.16,1150,1860,4140,3.63,5.7,1454.65,1792,17.07,900
11/27/2019,55.17,63.71,1300,769.92,1.16,1200,1990,3960,3.58,5.68,1454.35,1803,17,901
11/28/2019,55.17,63.37,1300,770.48,1.16,1180,1960,4050,3.58,5.68,1454.35,1833,17,890
11/29/2019,55.17,62.62,1300,771.81,1.16,1110,1900,4330,3.58,5.68,1460.15,1832,17.02,894
12/2/2019,55.96,61.65,1300,775.07,1.16,1160,1970,4570,3.73,5.85,1461.15,1858,16.95,897
12/3/2019,56.1,61.15,1300,775.84,1.16,1120,1770,4430,3.71,5.75,1477.3,1849,17.16,899
12/4/2019,58.43,62.89,1300,776.09,1.09,1100,1840,4310,3.68,5.82,1475.1,1860,16.86,908
12/5/2019,58.43,63.73,1300,776.48,1.09,1070,1840,4230,3.66,5.83,1475.95,1850,16.99,889
12/6/2019,59.2,64.28,1300,773.46,1.09,1070,1820,4090,3.66,5.84,1459.65,1872,16.59,898
12/9/2019,59.02,64.4,1300,774.85,1.18,1000,1800,4170,3.65,5.84,1461.7,1891,16.61,898
12/10/2019,59.24,64.52,1300,776.23,1.18,1070,1940,4190,3.66,5.85,1464.95,1897,16.67,918
12/11/2019,58.76,63.47,1300,775.96,1.18,1070,1830,4310,3.61,5.81,1466.8,1912,16.82,926
12/12/2019,59.18,64.47,1300,778.22,1.09,1070,2000,4200,3.67,5.92,1467.8,1937,16.88,944
12/13/2019,60.07,64.99,1300,779.57,1.09,1080,1940,4220,3.69,5.97,1466.6,1971,16.95,933
12/16/2019,60.21,65.69,1300,779.62,1.09,1200,1980,4270,3.79,6.15,1477.9,1964,17.02,932
12/17/2019,60.94,66.12,1300,780.75,1.09,1170,1980,4280,3.81,6.2,1475.8,1950,17.03,928
12/18/2019,60.93,66.17,1300,778.82,1.06,1100,1970,4320,3.78,6.12,1474.05,1936,17,926
12/19/2019,61.18,66.75,1300,778.19,1.17,1100,2000,4320,3.78,6.09,1476.7,1929,17.07,933
12/20/2019,60.44,66.16,1300,775.97,1.17,1120,2050,4340,3.79,6.06,1479,1930,17.17,936
12/23/2019,60.52,66.39,1300,776.14,1.17,1130,2140,4210,3.78,6.03,1482.1,1853,17.42,916
12/24/2019,61.13,67.31,1300,776.29,1.17,1140,1970,4400,3.77,6.03,1490.85,1876,17.74,935
12/25/2019,61.13,67.31,1300,776.29,1.17,1140,1970,4400,3.77,6.03,1490.85,1876,17.74,935
12/26/2019,61.71,67.31,1300,776.88,1,1140,1970,4400,3.78,6.13,1490.85,1876,17.74,935
12/27/2019,61.74,68.19,1300,781.42,1,1130,1970,4290,3.79,6.21,1511.5,1901,17.95,946
12/30/2019,61.71,68.4,1300,784.25,1,1080,1990,4080,3.79,6.2,1514.75,1905,17.97,952
12/31/2019,61.08,66.31,1300,785.77,0.97,1110,1930,4070,3.8,6.23,1523,1920,17.92,971
